,text,verse#,book,verse_id,len
0,"Arma virumque cano, Troiae qui primus ab oris",1,1,0,45
1,"Italiam, fato profugus, Laviniaque venit",2,1,1,40
2,"litora, multum ille et terris iactatus et alto",3,1,2,46
3,vi superum saevae memorem Iunonis ob iram;,4,1,3,42
4,"multa quoque et bello passus, dum conderet urbem,",5,1,4,49
5,"inferretque deos Latio, genus unde Latinum,",6,1,5,43
6,"Albanique patres, atque altae moenia Romae.",7,1,6,43
7,"Musa, mihi causas memora, quo numine laeso,",8,1,7,43
8,"quidve dolens, regina deum tot volvere casus",9,1,8,44
9,"insignem pietate virum, tot adire labores",10,1,9,41
10,impulerit. Tantaene animis caelestibus irae?,11,1,10,44
11,"Urbs antiqua fuit, Tyrii tenuere coloni,",12,1,11,40
12,"Karthago, Italiam contra Tiberinaque longe",13,1,12,42
13,"ostia, dives opum studiisque asperrima belli;",14,1,13,45
14,quam Iuno fertur terris magis omnibus unam,15,1,14,42
15,"posthabita coluisse Samo; hic illius arma,",16,1,15,42
16,"hic currus fuit; hoc regnum dea gentibus esse,",17,1,16,46
17,"si qua fata sinant, iam tum tenditque fovetque.",18,1,17,47
18,Progeniem sed enim Troiano a sanguine duci,19,1,18,42
19,"audierat, Tyrias olim quae verteret arces;",20,1,19,42
20,hinc populum late regem belloque superbum,21,1,20,41
21,venturum excidio Libyae: sic volvere Parcas.,22,1,21,44
22,"Id metuens, veterisque memor Saturnia belli,",23,1,22,44
23,prima quod ad Troiam pro caris gesserat Argis—,24,1,23,46
24,necdum etiam causae irarum saevique dolores,25,1,24,43
25,exciderant animo: manet alta mente repostum,26,1,25,43
26,"iudicium Paridis spretaeque iniuria formae,",27,1,26,43
27,"et genus invisum, et rapti Ganymedis honores.",28,1,27,45
28,"His accensa super, iactatos aequore toto",29,1,28,40
29,"Troas, reliquias Danaum atque immitis Achilli,",30,1,29,46
30,"arcebat longe Latio, multosque per annos",31,1,30,40
31,"errabant, acti fatis, maria omnia circum.",32,1,31,41
32,Tantae molis erat Romanam condere gentem!,33,1,32,41
33,Vix e conspectu Siculae telluris in altum,34,1,33,41
34,"vela dabant laeti, et spumas salis aere ruebant,",35,1,34,48
35,"cum Iuno, aeternum servans sub pectore volnus,",36,1,35,46
36,"haec secum: Mene incepto desistere victam,",37,1,36,42
37,nec posse Italia Teucrorum avertere regem?,38,1,37,42
38,Quippe vetor fatis. Pallasne exurere classem,39,1,38,44
39,"Argivum atque ipsos potuit submergere ponto,",40,1,39,44
40,unius ob noxam et furias Aiacis Oilei?,41,1,40,38
41,"Ipsa, Iovis rapidum iaculata e nubibus ignem,",42,1,41,45
42,"disiecitque rates evertitque aequora ventis,",43,1,42,44
43,illum expirantem transfixo pectore flammas,44,1,43,42
44,turbine corripuit scopuloque infixit acuto.,45,1,44,43
45,"Ast ego, quae divom incedo regina, Iovisque",46,1,45,43
46,"et soror et coniunx, una cum gente tot annos",47,1,46,44
47,bella gero!  Et quisquam numen Iunonis adoret,48,1,47,45
48,"praeterea, aut supplex aris imponet honorem?",49,1,48,44
49,Talia flammato secum dea corde volutans,50,1,49,39
50,"nimborum in patriam, loca feta furentibus austris,",51,1,50,50
51,Aeoliam venit. Hic vasto rex Aeolus antro,52,1,51,41
52,luctantes ventos tempestatesque sonoras,53,1,52,39
53,imperio premit ac vinclis et carcere frenat.,54,1,53,44
54,Illi indignantes magno cum murmure montis,55,1,54,41
55,circum claustra fremunt; celsa sedet Aeolus arce,56,1,55,48
56,"sceptra tenens, mollitque animos et temperat iras.",57,1,56,50
57,"Ni faciat, maria ac terras caelumque profundum",58,1,57,46
58,quippe ferant rapidi secum verrantque per auras.,59,1,58,48
59,"Sed pater omnipotens speluncis abdidit atris,",60,1,59,45
60,"hoc metuens, molemque et montis insuper altos",61,1,60,45
61,"imposuit, regemque dedit, qui foedere certo",62,1,61,43
62,et premere et laxas sciret dare iussus habenas.,63,1,62,47
63,Ad quem tum Iuno supplex his vocibus usa est:,64,1,63,45
64,"Aeole, namque tibi divom pater atque hominum rex",65,1,64,48
65,"et mulcere dedit fluctus et tollere vento,",66,1,65,42
66,"gens inimica mihi Tyrrhenum navigat aequor,",67,1,66,43
67,Ilium in Italiam portans victosque Penates:,68,1,67,43
68,"incute vim ventis submersasque obrue puppes,",69,1,68,44
69,aut age diversos et disiice corpora ponto.,70,1,69,42
70,"Sunt mihi bis septem praestanti corpore nymphae,",71,1,70,48
71,"quarum quae forma pulcherrima Deiopea,",72,1,71,38
72,"conubio iungam stabili propriamque dicabo,",73,1,72,42
73,omnis ut tecum meritis pro talibus annos,74,1,73,40
74,"exigat, et pulchra faciat te prole parentem.",75,1,74,44
75,"Aeolus haec contra: Tuus, O regina, quid optes",76,1,75,46
76,explorare labor; mihi iussa capessere fas est.,77,1,76,46
77,"Tu mihi, quodcumque hoc regni, tu sceptra Iovemque",78,1,77,50
78,"concilias, tu das epulis accumbere divom,",79,1,78,41
79,nimborumque facis tempestatumque potentem.,80,1,79,42
80,"Haec ubi dicta, cavum conversa cuspide montem",81,1,80,45
81,"impulit in latus: ac venti, velut agmine facto,",82,1,81,47
82,"qua data porta, ruunt et terras turbine perflant.",83,1,82,49
83,"Incubuere mari, totumque a sedibus imis",84,1,83,39
84,una Eurusque Notusque ruunt creberque procellis,85,1,84,47
85,"Africus, et vastos volvunt ad litora fluctus.",86,1,85,45
86,Insequitur clamorque virum stridorque rudentum.,87,1,86,47
87,Eripiunt subito nubes caelumque diemque,88,1,87,39
88,Teucrorum ex oculis; ponto nox incubat atra.,89,1,88,44
89,"Intonuere poli, et crebris micat ignibus aether,",90,1,89,48
90,praesentemque viris intentant omnia mortem.,91,1,90,43
91,Extemplo Aeneae solvuntur frigore membra:,92,1,91,41
92,"ingemit, et duplicis tendens ad sidera palmas",93,1,92,45
93,"talia voce refert: O terque quaterque beati,",94,1,93,44
94,quis ante ora patrum Troiae sub moenibus altis,95,1,94,46
95,contigit oppetere! O Danaum fortissime gentis,96,1,95,45
96,Tydide! Mene Iliacis occumbere campis,97,1,96,37
97,"non potuisse, tuaque animam hanc effundere dextra,",98,1,97,50
98,"saevus ubi Aeacidae telo iacet Hector, ubi ingens",99,1,98,49
99,"Sarpedon, ubi tot Simois correpta sub undis",100,1,99,43
100,scuta virum galeasque et fortia corpora volvit?,101,1,100,47
101,Talia iactanti stridens Aquilone procella,102,1,101,41
102,"velum adversa ferit, fluctusque ad sidera tollit.",103,1,102,49
103,"Franguntur remi; tum prora avertit, et undis",104,1,103,44
104,dat latus; insequitur cumulo praeruptus aquae mons.,105,1,104,51
105,Hi summo in fluctu pendent; his unda dehiscens,106,1,105,46
106,terram inter fluctus aperit; furit aestus harenis.,107,1,106,50
107,Tris Notus abreptas in saxa latentia torquet—,108,1,107,45
108,saxa vocant Itali mediis quae in fluctibus aras—,109,1,108,48
109,dorsum immane mari summo; tris Eurus ab alto,110,1,109,44
110,"in brevia et Syrtis urguet, miserabile visu,",111,1,110,44
111,inliditque vadis atque aggere cingit harenae.,112,1,111,45
112,"Unam, quae Lycios fidumque vehebat Oronten,",113,1,112,43
113,ipsius ante oculos ingens a vertice pontus,114,1,113,42
114,in puppim ferit: excutitur pronusque magister,115,1,114,45
115,volvitur in caput; ast illam ter fluctus ibidem,116,1,115,47
116,"torquet agens circum, et rapidus vorat aequore vortex.",117,1,116,54
117,"Adparent rari nantes in gurgite vasto,",118,1,117,38
118,"arma virum, tabulaeque, et Troia gaza per undas.",119,1,118,48
119,"Iam validam Ilionei navem, iam fortis Achati,",120,1,119,45
120,"et qua vectus Abas, et qua grandaevus Aletes,",121,1,120,45
121,vicit hiems; laxis laterum compagibus omnes,122,1,121,43
122,"accipiunt inimicum imbrem, rimisque fatiscunt.",123,1,122,46
123,"Interea magno misceri murmure pontum,",124,1,123,37
124,"emissamque hiemem sensit Neptunus, et imis",125,1,124,42
125,"stagna refusa vadis, graviter commotus; et alto",126,1,125,47
126,"prospiciens, summa placidum caput extulit unda.",127,1,126,47
127,"Disiectam Aeneae, toto videt aequore classem,",128,1,127,45
128,"fluctibus oppressos Troas caelique ruina,",129,1,128,41
129,nec latuere doli fratrem Iunonis et irae.,130,1,129,41
130,"Eurum ad se Zephyrumque vocat, dehinc talia fatur:",131,1,130,50
131,Tantane vos generis tenuit fiducia vestri?,132,1,131,42
132,"Iam caelum terramque meo sine numine, venti,",133,1,132,44
133,"miscere, et tantas audetis tollere moles?",134,1,133,41
134,Quos ego—sed motos praestat componere fluctus.,135,1,134,46
135,Post mihi non simili poena commissa luetis.,136,1,135,43
136,"Maturate fugam, regique haec dicite vestro:",137,1,136,43
137,"non illi imperium pelagi saevumque tridentem,",138,1,137,45
138,"sed mihi sorte datum. Tenet ille immania saxa,",139,1,138,46
139,"vestras, Eure, domos; illa se iactet in aula",140,1,139,44
140,"Aeolus, et clauso ventorum carcere regnet.",141,1,140,42
141,"Sic ait, et dicto citius tumida aequora placat,",142,1,141,47
142,"collectasque fugat nubes, solemque reducit.",143,1,142,43
143,Cymothoe simul et Triton adnixus acuto,144,1,143,38
144,detrudunt navis scopulo; levat ipse tridenti;,145,1,144,45
145,"et vastas aperit syrtis, et temperat aequor,",146,1,145,44
146,atque rotis summas levibus perlabitur undas.,147,1,146,44
147,Ac veluti magno in populo cum saepe coorta est,148,1,147,46
148,"seditio, saevitque animis ignobile volgus,",149,1,148,42
149,iamque faces et saxa volant—furor arma ministrat;,150,1,149,49
150,"tum, pietate gravem ac meritis si forte virum quem",151,1,150,50
151,"conspexere, silent, arrectisque auribus adstant;",152,1,151,48
152,"ille regit dictis animos, et pectora mulcet,—",153,1,152,45
153,"sic cunctus pelagi cecidit fragor, aequora postquam",154,1,153,51
154,prospiciens genitor caeloque invectus aperto,155,1,154,44
155,"flectit equos, curruque volans dat lora secundo.",156,1,155,48
156,"Defessi Aeneadae, quae proxima litora, cursu",157,1,156,44
157,"contendunt petere, et Libyae vertuntur ad oras.",158,1,157,47
158,Est in secessu longo locus: insula portum,159,1,158,41
159,"efficit obiectu laterum, quibus omnis ab alto",160,1,159,45
160,frangitur inque sinus scindit sese unda reductos.,161,1,160,49
161,Hinc atque hinc vastae rupes geminique minantur,162,1,161,47
162,"in caelum scopuli, quorum sub vertice late",163,1,162,42
163,aequora tuta silent; tum silvis scaena coruscis,164,1,163,47
164,desuper horrentique atrum nemus imminet umbra.,165,1,164,46
165,"Fronte sub adversa scopulis pendentibus antrum,",166,1,165,47
166,"intus aquae dulces vivoque sedilia saxo,",167,1,166,40
167,nympharum domus: hic fessas non vincula navis,168,1,167,45
168,"ulla tenent, unco non alligat ancora morsu.",169,1,168,43
169,Huc septem Aeneas collectis navibus omni,170,1,169,40
170,ex numero subit; ac magno telluris amore,171,1,170,40
171,"egressi optata potiuntur Troes harena,",172,1,171,38
172,et sale tabentis artus in litore ponunt.,173,1,172,40
173,"Ac primum silici scintillam excudit Achates,",174,1,173,44
174,"succepitque ignem foliis, atque arida circum",175,1,174,44
175,"nutrimenta dedit, rapuitque in fomite flammam.",176,1,175,46
176,Tum Cererem corruptam undis Cerealiaque arma,177,1,176,44
177,"expediunt fessi rerum, frugesque receptas",178,1,177,41
178,et torrere parant flammis et frangere saxo.,179,1,178,43
179,"Aeneas scopulum interea conscendit, et omnem",180,1,179,44
180,"prospectum late pelago petit, Anthea si quem",181,1,180,44
181,"iactatum vento videat Phrygiasque biremis,",182,1,181,42
182,"aut Capyn, aut celsis in puppibus arma Caici.",183,1,182,45
183,"Navem in conspectu nullam, tris litore cervos",184,1,183,45
184,prospicit errantis; hos tota armenta sequuntur,185,1,184,46
185,"a tergo, et longum per vallis pascitur agmen.",186,1,185,45
186,"Constitit hic, arcumque manu celerisque sagittas",187,1,186,48
187,"corripuit, fidus quae tela gerebat Achates;",188,1,187,43
188,"ductoresque ipsos primum, capita alta ferentis",189,1,188,46
189,"cornibus arboreis, sternit, tum volgus, et omnem",190,1,189,48
190,miscet agens telis nemora inter frondea turbam;,191,1,190,47
191,"nec prius absistit, quam septem ingentia victor",192,1,191,47
192,"corpora fundat humi, et numerum cum navibus aequet.",193,1,192,51
193,"Hinc portum petit, et socios partitur in omnes.",194,1,193,47
194,Vina bonus quae deinde cadis onerarat Acestes,195,1,194,45
195,"litore Trinacrio dederatque abeuntibus heros,",196,1,195,45
196,"dividit, et dictis maerentia pectora mulcet:",197,1,196,44
197,O socii—neque enim ignari sumus ante malorum—,198,1,197,45
198,"O passi graviora, dabit deus his quoque finem.",199,1,198,46
199,Vos et Scyllaeam rabiem penitusque sonantis,200,1,199,43
200,"accestis scopulos, vos et Cyclopea saxa",201,1,200,39
201,"experti: revocate animos, maestumque timorem",202,1,201,44
202,mittite: forsan et haec olim meminisse iuvabit.,203,1,202,47
203,"Per varios casus, per tot discrimina rerum",204,1,203,42
204,tendimus in Latium; sedes ubi fata quietas,205,1,204,42
205,ostendunt; illic fas regna resurgere Troiae.,206,1,205,44
206,"Durate, et vosmet rebus servate secundis.",207,1,206,41
207,"Talia voce refert, curisque ingentibus aeger",208,1,207,44
208,"spem voltu simulat, premit altum corde dolorem.",209,1,208,47
209,"Illi se praedae accingunt, dapibusque futuris;",210,1,209,46
210,tergora deripiunt costis et viscera nudant;,211,1,210,43
211,pars in frusta secant veribusque trementia figunt;,212,1,211,50
212,"litore aena locant alii, flammasque ministrant.",213,1,212,47
213,"Tum victu revocant vires, fusique per herbam",214,1,213,44
214,implentur veteris Bacchi pinguisque ferinae.,215,1,214,44
215,"Postquam exempta fames epulis mensaeque remotae,",216,1,215,48
216,"amissos longo socios sermone requirunt,",217,1,216,39
217,"spemque metumque inter dubii, seu vivere credant,",218,1,217,49
218,sive extrema pati nec iam exaudire vocatos.,219,1,218,43
219,"Praecipue pius Aeneas nunc acris Oronti,",220,1,219,40
220,nunc Amyci casum gemit et crudelia secum,221,1,220,40
221,"fata Lyci, fortemque Gyan, fortemque Cloanthum.",222,1,221,47
222,"Et iam finis erat, cum Iuppiter aethere summo",223,1,222,45
223,despiciens mare velivolum terrasque iacentis,224,1,223,44
224,"litoraque et latos populos, sic vertice caeli",225,1,224,45
225,"constitit, et Libyae defixit lumina regnis.",226,1,225,43
226,Atque illum talis iactantem pectore curas,227,1,226,41
227,tristior et lacrimis oculos suffusa nitentis,228,1,227,44
228,adloquitur Venus: O qui res hominumque deumque,229,1,228,46
229,"aeternis regis imperiis, et fulmine terres,",230,1,229,43
230,"quid meus Aeneas in te committere tantum,",231,1,230,41
231,"quid Troes potuere, quibus, tot funera passis,",232,1,231,46
232,cunctus ob Italiam terrarum clauditur orbis?,233,1,232,44
233,"Certe hinc Romanos olim, volventibus annis,",234,1,233,43
234,"hinc fore ductores, revocato a sanguine Teucri,",235,1,234,47
235,"qui mare, qui terras omni dicione tenerent,",236,1,235,43
236,"pollicitus, quae te, genitor, sententia vertit?",237,1,236,47
237,Hoc equidem occasum Troiae tristisque ruinas,238,1,237,44
238,"solabar, fatis contraria fata rependens;",239,1,238,40
239,nunc eadem fortuna viros tot casibus actos,240,1,239,42
240,"insequitur. Quem das finem, rex magne, laborum?",241,1,240,47
241,"Antenor potuit, mediis elapsus Achivis,",242,1,241,39
242,"Illyricos penetrare sinus, atque intima tutus",243,1,242,45
243,"regna Liburnorum, et fontem superare Timavi,",244,1,243,44
244,unde per ora novem vasto cum murmure montis,245,1,244,43
245,it mare proruptum et pelago premit arva sonanti.,246,1,245,48
246,Hic tamen ille urbem Patavi sedesque locavit,247,1,246,44
247,"Teucrorum, et genti nomen dedit, armaque fixit",248,1,247,46
248,Troia; nunc placida compostus pace quiescit:,249,1,248,44
249,"nos, tua progenies, caeli quibus adnuis arcem,",250,1,249,46
250,"navibus (infandum!) amissis, unius ob iram",251,1,250,42
251,prodimur atque Italis longe disiungimur oris.,252,1,251,45
252,Hic pietatis honos? Sic nos in sceptra reponis?,253,1,252,47
253,"Olli subridens hominum sator atque deorum,",254,1,253,42
254,"voltu, quo caelum tempestatesque serenat,",255,1,254,41
255,"oscula libavit natae, dehinc talia fatur:",256,1,255,41
256,"Parce metu, Cytherea: manent immota tuorum",257,1,256,42
257,fata tibi; cernes urbem et promissa Lavini,258,1,257,42
258,"moenia, sublimemque feres ad sidera caeli",259,1,258,41
259,magnanimum Aenean; neque me sententia vertit.,260,1,259,45
260,"Hic tibi (fabor enim, quando haec te cura remordet,",261,1,260,51
261,longius et volvens fatorum arcana movebo),262,1,261,41
262,"bellum ingens geret Italia, populosque feroces",263,1,262,46
263,"contundet, moresque viris et moenia ponet,",264,1,263,42
264,"tertia dum Latio regnantem viderit aestas,",265,1,264,42
265,ternaque transierint Rutulis hiberna subactis.,266,1,265,46
266,"At puer Ascanius, cui nunc cognomen Iulo",267,1,266,40
267,"additur,—Ilus erat, dum res stetit Ilia regno,—",268,1,267,47
268,triginta magnos volvendis mensibus orbis,269,1,268,40
269,"imperio explebit, regnumque ab sede Lavini",270,1,269,42
270,"transferet, et longam multa vi muniet Albam.",271,1,270,44
271,Hic iam ter centum totos regnabitur annos,272,1,271,41
272,"gente sub Hectorea, donec regina sacerdos,",273,1,272,42
273,"Marte gravis, geminam partu dabit Ilia prolem.",274,1,273,46
274,Inde lupae fulvo nutricis tegmine laetus,275,1,274,40
275,"Romulus excipiet gentem, et Mavortia condet",276,1,275,43
276,"moenia, Romanosque suo de nomine dicet.",277,1,276,39
277,His ego nec metas rerum nec tempora pono;,278,1,277,41
278,"imperium sine fine dedi. Quin aspera Iuno,",279,1,278,42
279,"quae mare nunc terrasque metu caelumque fatigat,",280,1,279,48
280,"consilia in melius referet, mecumque fovebit",281,1,280,44
281,Romanos rerum dominos gentemque togatam:,282,1,281,40
282,"sic placitum. Veniet lustris labentibus aetas,",283,1,282,46
283,cum domus Assaraci Phthiam clarasque Mycenas,284,1,283,44
284,"servitio premet, ac victis dominabitur Argis.",285,1,284,45
285,"Nascetur pulchra Troianus origine Caesar,",286,1,285,41
286,"imperium oceano, famam qui terminet astris,—",287,1,286,44
287,"Iulius, a magno demissum nomen Iulo.",288,1,287,36
288,"Hunc tu olim caelo, spoliis Orientis onustum,",289,1,288,45
289,accipies secura; vocabitur hic quoque votis.,290,1,289,44
290,Aspera tum positis mitescent saecula bellis;,291,1,290,44
291,"cana Fides, et Vesta, Remo cum fratre Quirinus,",292,1,291,47
292,iura dabunt; dirae ferro et compagibus artis,293,1,292,44
293,"claudentur Belli portae; Furor impius intus,",294,1,293,44
294,"saeva sedens super arma, et centum vinctus aenis",295,1,294,48
295,"post tergum nodis, fremet horridus ore cruento.",296,1,295,47
296,"Haec ait, et Maia genitum demittit ab alto,",297,1,296,43
297,"ut terrae, utque novae pateant Karthaginis arces",298,1,297,48
298,"hospitio Teucris, ne fati nescia Dido",299,1,298,37
299,finibus arceret: volat ille per aera magnum,300,1,299,43
300,"remigio alarum, ac Libyae citus adstitit oris.",301,1,300,46
301,"Et iam iussa facit, ponuntque ferocia Poeni",302,1,301,43
302,corda volente deo; in primis regina quietum,303,1,302,43
303,accipit in Teucros animum mentemque benignam.,304,1,303,45
304,"At pius Aeneas, per noctem plurima volvens,",305,1,304,43
305,"ut primum lux alma data est, exire locosque",306,1,305,43
306,"explorare novos, quas vento accesserit oras,",307,1,306,44
307,"qui teneant, nam inculta videt, hominesne feraene,",308,1,307,50
308,"quaerere constituit, sociisque exacta referre",309,1,308,45
309,Classem in convexo nemorum sub rupe cavata,310,1,309,42
310,arboribus clausam circum atque horrentibus umbris,311,1,310,49
311,"occulit; ipse uno graditur comitatus Achate,",312,1,311,44
312,bina manu lato crispans hastilia ferro.,313,1,312,39
313,"Cui mater media sese tulit obvia silva,",314,1,313,39
314,"virginis os habitumque gerens, et virginis arma",315,1,314,47
315,"Spartanae, vel qualis equos Threissa fatigat",316,1,315,44
316,"Harpalyce, volucremque fuga praevertitur Hebrum.",317,1,316,48
317,Namque umeris de more habilem suspenderat arcum,318,1,317,47
318,"venatrix, dederatque comam diffundere ventis,",319,1,318,45
319,"nuda genu, nodoque sinus collecta fluentis.",320,1,319,43
320,"Ac prior, Heus inquit iuvenes, monstrate mearum",321,1,320,47
321,"vidistis si quam hic errantem forte sororum,",322,1,321,44
322,"succinctam pharetra et maculosae tegmine lyncis,",323,1,322,48
323,aut spumantis apri cursum clamore prementem.,324,1,323,44
324,Sic Venus; et Veneris contra sic filius orsus:,325,1,324,46
325,Nulla tuarum audita mihi neque visa sororum—,326,1,325,44
326,"O quam te memorem, virgo? Namque haud tibi voltus",327,1,326,49
327,"mortalis, nec vox hominem sonat: O, dea certe—",328,1,327,46
328,an Phoebi soror? an nympharum sanguinis una?—,329,1,328,45
329,"sis felix, nostrumque leves, quaecumque, laborem,",330,1,329,49
330,"et, quo sub caelo tandem, quibus orbis in oris",331,1,330,46
331,"iactemur, doceas. Ignari hominumque locorumque",332,1,331,46
332,"erramus, vento huc vastis et fluctibus acti:",333,1,332,44
333,multa tibi ante aras nostra cadet hostia dextra.,334,1,333,48
334,Tum Venus: Haud equidem tali me dignor honore;,335,1,334,46
335,"virginibus Tyriis mos est gestare pharetram,",336,1,335,44
336,purpureoque alte suras vincire cothurno.,337,1,336,40
337,"Punica regna vides, Tyrios et Agenoris urbem;",338,1,337,45
338,"sed fines Libyci, genus intractabile bello.",339,1,338,43
339,"Imperium Dido Tyria regit urbe profecta,",340,1,339,40
340,"germanum fugiens. Longa est iniuria, longae",341,1,340,43
341,ambages; sed summa sequar fastigia rerum.,342,1,341,41
342,"Huic coniunx Sychaeus erat, ditissimus agri",343,1,342,43
343,"Phoenicum, et magno miserae dilectus amore,",344,1,343,43
344,"cui pater intactam dederat, primisque iugarat",345,1,344,45
345,ominibus. Sed regna Tyri germanus habebat,346,1,345,41
346,"Pygmalion, scelere ante alios immanior omnes.",347,1,346,45
347,Quos inter medius venit furor. Ille Sychaeum,348,1,347,44
348,"impius ante aras, atque auri caecus amore,",349,1,348,42
349,"clam ferro incautum superat, securus amorum",350,1,349,43
350,"germanae; factumque diu celavit, et aegram,",351,1,350,43
351,"multa malus simulans, vana spe lusit amantem.",352,1,351,45
352,Ipsa sed in somnis inhumati venit imago,353,1,352,39
353,"coniugis, ora modis attollens pallida miris,",354,1,353,44
354,crudeles aras traiectaque pectora ferro,355,1,354,39
355,"nudavit, caecumque domus scelus omne retexit.",356,1,355,45
356,"Tum celerare fugam patriaque excedere suadet,",357,1,356,45
357,auxiliumque viae veteres tellure recludit,358,1,357,41
358,"thesauros, ignotum argenti pondus et auri.",359,1,358,42
359,His commota fugam Dido sociosque parabat:,360,1,359,41
360,"conveniunt, quibus aut odium crudele tyranni",361,1,360,44
361,"aut metus acer erat; navis, quae forte paratae,",362,1,361,47
362,"corripiunt, onerantque auro: portantur avari",363,1,362,44
363,Pygmalionis opes pelago; dux femina facti.,364,1,363,42
364,"Devenere locos, ubi nunc ingentia cernis",365,1,364,40
365,"moenia surgentemque novae Karthaginis arcem,",366,1,365,44
366,"mercatique solum, facti de nomine Byrsam,",367,1,366,41
367,taurino quantum possent circumdare tergo.,368,1,367,41
368,"Sed vos qui tandem, quibus aut venistis ab oris,",369,1,368,48
369,quove tenetis iter? Quaerenti talibus ille,370,1,369,42
370,"suspirans, imoque trahens a pectore vocem:",371,1,370,42
371,"O dea, si prima repetens ab origine pergam,",372,1,371,43
372,"et vacet annalis nostrorum audire laborum,",373,1,372,42
373,ante diem clauso componat Vesper Olympo.,374,1,373,40
374,"Nos Troia antiqua, si vestras forte per auris",375,1,374,45
375,"Troiae nomen iit, diversa per aequora vectos",376,1,375,44
376,forte sua Libycis tempestas adpulit oris.,377,1,376,41
377,"Sum pius Aeneas, raptos qui ex hoste Penates",378,1,377,44
378,"classe veho mecum, fama super aethera notus.",379,1,378,44
379,Italiam quaero patriam et genus ab Iove summo.,380,1,379,46
380,"Bis denis Phrygium conscendi navibus aequor,",381,1,380,44
381,"matre dea monstrante viam, data fata secutus;",382,1,381,45
382,vix septem convolsae undis Euroque supersunt.,383,1,382,45
383,"Ipse ignotus, egens, Libyae deserta peragro,",384,1,383,44
384,Europa atque Asia pulsus. Nec plura querentem,385,1,384,45
385,passa Venus medio sic interfata dolore est:,386,1,385,43
386,"Quisquis es, haud, credo, invisus caelestibus auras",387,1,386,51
387,"vitalis carpis, Tyriam qui adveneris urbem.",388,1,387,43
388,"Perge modo, atque hinc te reginae ad limina perfer,",389,1,388,51
389,Namque tibi reduces socios classemque relatam,390,1,389,45
390,"nuntio, et in tutum versis aquilonibus actam,",391,1,390,45
391,ni frustra augurium vani docuere parentes.,392,1,391,42
392,"Aspice bis senos laetantis agmine cycnos,",393,1,392,41
393,aetheria quos lapsa plaga Iovis ales aperto,394,1,393,43
394,turbabat caelo; nunc terras ordine longo,395,1,394,40
395,"aut capere, aut captas iam despectare videntur:",396,1,395,47
396,"ut reduces illi ludunt stridentibus alis,",397,1,396,41
397,"et coetu cinxere polum, cantusque dedere,",398,1,397,41
398,haud aliter puppesque tuae pubesque tuorum,399,1,398,42
399,aut portum tenet aut pleno subit ostia velo.,400,1,399,44
400,"Perge modo, et, qua te ducit via, dirige gressum.",401,1,400,49
401,"Dixit, et avertens rosea cervice refulsit,",402,1,401,42
402,ambrosiaeque comae divinum vertice odorem,403,1,402,41
403,"spiravere, pedes vestis defluxit ad imos,",404,1,403,41
404,et vera incessu patuit dea. Ille ubi matrem,405,1,404,43
405,"adgnovit, tali fugientem est voce secutus:",406,1,405,42
406,"Quid natum totiens, crudelis tu quoque, falsis",407,1,406,46
407,ludis imaginibus? Cur dextrae iungere dextram,408,1,407,45
408,"non datur, ac veras audire et reddere voces?",409,1,408,44
409,"Talibus incusat, gressumque ad moenia tendit:",410,1,409,45
410,"at Venus obscuro gradientes aere saepsit,",411,1,410,41
411,"et multo nebulae circum dea fudit amictu,",412,1,411,41
412,"cernere ne quis eos, neu quis contingere posset,",413,1,412,48
413,"molirive moram, aut veniendi poscere causas.",414,1,413,44
414,"Ipsa Paphum sublimis abit, sedesque revisit",415,1,414,43
415,"laeta suas, ubi templum illi, centumque Sabaeo",416,1,415,46
416,"ture calent arae, sertisque recentibus halant.",417,1,416,46
417,"Corripuere viam interea, qua semita monstrat.",418,1,417,45
418,"Iamque ascendebant collem, qui plurimus urbi",419,1,418,44
419,"imminet, adversasque adspectat desuper arces.",420,1,419,45
420,"Miratur molem Aeneas, magalia quondam,",421,1,420,38
421,miratur portas strepitumque et strata viarum.,422,1,421,45
422,"Instant ardentes Tyrii pars ducere muros,",423,1,422,41
423,"molirique arcem et manibus subvolvere saxa,",424,1,423,43
424,pars optare locum tecto et concludere sulco.,425,1,424,44
425,Iura magistratusque legunt sanctumque senatum;,426,1,425,46
426,hic portus alii effodiunt; hic alta theatris,427,1,426,44
427,"fundamenta locant alii, immanisque columnas",428,1,427,43
428,"rupibus excidunt, scaenis decora alta futuris.",429,1,428,46
429,Qualis apes aestate nova per florea rura,430,1,429,40
430,"exercet sub sole labor, cum gentis adultos",431,1,430,42
431,"educunt fetus, aut cum liquentia mella",432,1,431,38
432,"stipant et dulci distendunt nectare cellas,",433,1,432,43
433,"aut onera accipiunt venientum, aut agmine facto",434,1,433,47
434,ignavom fucos pecus a praesepibus arcent:,435,1,434,41
435,"fervet opus, redolentque thymo fragrantia mella.",436,1,435,48
436,"O fortunati, quorum iam moenia surgunt!",437,1,436,39
437,"Aeneas ait, et fastigia suspicit urbis.",438,1,437,39
438,"Infert se saeptus nebula, mirabile dictu,",439,1,438,41
439,"per medios, miscetque viris, neque cernitur ulli.",440,1,439,49
440,"Lucus in urbe fuit media, laetissimus umbra,",441,1,440,44
441,quo primum iactati undis et turbine Poeni,442,1,441,41
442,"effodere loco signum, quod regia Iuno",443,1,442,37
443,"monstrarat, caput acris equi; sic nam fore bello",444,1,443,48
444,egregiam et facilem victu per saecula gentem.,445,1,444,45
445,Hic templum Iunoni ingens Sidonia Dido,446,1,445,38
446,"condebat, donis opulentum et numine divae,",447,1,446,42
447,"aerea cui gradibus surgebant limina, nexaeque",448,1,447,45
448,"aere trabes, foribus cardo stridebat aenis.",449,1,448,43
449,Hoc primum in luco nova res oblata timorem,450,1,449,42
450,"leniit, hic primum Aeneas sperare salutem",451,1,450,41
451,"ausus, et adflictis melius confidere rebus.",452,1,451,43
452,"Namque sub ingenti lustrat dum singula templo,",453,1,452,46
453,"reginam opperiens, dum, quae fortuna sit urbi,",454,1,453,46
454,artificumque manus inter se operumque laborem,455,1,454,45
455,"miratur, videt Iliacas ex ordine pugnas,",456,1,455,40
456,"bellaque iam fama totum volgata per orbem,",457,1,456,42
457,"Atridas, Priamumque, et saevum ambobus Achillem.",458,1,457,48
458,"Constitit, et lacrimans, Quis iam locus inquit Achate,",459,1,458,54
459,quae regio in terris nostri non plena laboris?,460,1,459,46
460,En Priamus! Sunt hic etiam sua praemia laudi;,461,1,460,45
461,sunt lacrimae rerum et mentem mortalia tangunt.,462,1,461,47
462,Solve metus; feret haec aliquam tibi fama salutem.,463,1,462,50
463,"Sic ait, atque animum pictura pascit inani,",464,1,463,43
464,"multa gemens, largoque umectat flumine voltum.",465,1,464,46
465,"Namque videbat, uti bellantes Pergama circum",466,1,465,44
466,"hac fugerent Graii, premeret Troiana iuventus,",467,1,466,46
467,"hac Phryges, instaret curru cristatus Achilles.",468,1,467,47
468,Nec procul hinc Rhesi niveis tentoria velis,469,1,468,43
469,"adgnoscit lacrimans, primo quae prodita somno",470,1,469,45
470,"Tydides multa vastabat caede cruentus,",471,1,470,38
471,"ardentisque avertit equos in castra, prius quam",472,1,471,47
472,pabula gustassent Troiae Xanthumque bibissent.,473,1,472,46
473,"Parte alia fugiens amissis Troilus armis,",474,1,473,41
474,"infelix puer atque impar congressus Achilli,",475,1,474,44
475,"fertur equis, curruque haeret resupinus inani,",476,1,475,46
476,lora tenens tamen; huic cervixque comaeque trahuntur,477,1,476,52
477,"per terram, et versa pulvis inscribitur hasta.",478,1,477,46
478,Interea ad templum non aequae Palladis ibant,479,1,478,44
479,"crinibus Iliades passis peplumque ferebant,",480,1,479,43
480,suppliciter tristes et tunsae pectora palmis;,481,1,480,45
481,diva solo fixos oculos aversa tenebat.,482,1,481,38
482,"Ter circum Iliacos raptaverat Hectora muros,",483,1,482,44
483,exanimumque auro corpus vendebat Achilles.,484,1,483,42
484,"Tum vero ingentem gemitum dat pectore ab imo,",485,1,484,45
485,"ut spolia, ut currus, utque ipsum corpus amici,",486,1,485,47
486,tendentemque manus Priamum conspexit inermis.,487,1,486,45
487,"Se quoque principibus permixtum adgnovit Achivis,",488,1,487,49
488,Eoasque acies et nigri Memnonis arma.,489,1,488,37
489,Ducit Amazonidum lunatis agmina peltis,490,1,489,38
490,"Penthesilea furens, mediisque in milibus ardet,",491,1,490,47
491,"aurea subnectens exsertae cingula mammae,",492,1,491,41
492,"bellatrix, audetque viris concurrere virgo.",493,1,492,43
493,"Haec dum Dardanio Aeneae miranda videntur,",494,1,493,42
494,"dum stupet, obtutuque haeret defixus in uno,",495,1,494,44
495,"regina ad templum, forma pulcherrima Dido,",496,1,495,42
496,incessit magna iuvenum stipante caterva.,497,1,496,40
497,Qualis in Eurotae ripis aut per iuga Cynthi,498,1,497,43
498,"exercet Diana choros, quam mille secutae",499,1,498,40
499,hinc atque hinc glomerantur oreades; illa pharetram,500,1,499,51
500,"fert umero, gradiensque deas supereminet omnis:",501,1,500,47
501,Latonae tacitum pertemptant gaudia pectus:,502,1,501,42
502,"talis erat Dido, talem se laeta ferebat",503,1,502,39
503,"per medios, instans operi regnisque futuris.",504,1,503,44
504,"Tum foribus divae, media testudine templi,",505,1,504,42
505,"saepta armis, solioque alte subnixa resedit.",506,1,505,44
506,"Iura dabat legesque viris, operumque laborem",507,1,506,44
507,"partibus aequabat iustis, aut sorte trahebat:",508,1,507,45
508,cum subito Aeneas concursu accedere magno,509,1,508,41
509,"Anthea Sergestumque videt fortemque Cloanthum,",510,1,509,46
510,"Teucrorumque alios, ater quos aequore turbo",511,1,510,43
511,dispulerat penitusque alias avexerat oras.,512,1,511,42
512,Obstipuit simul ipse simul perculsus Achates,513,1,512,44
513,laetitiaque metuque; avidi coniungere dextras,514,1,513,45
514,ardebant; sed res animos incognita turbat.,515,1,514,42
515,"Dissimulant, et nube cava speculantur amicti,",516,1,515,45
516,"quae fortuna viris, classem quo litore linquant,",517,1,516,48
517,"quid veniant; cunctis nam lecti navibus ibant,",518,1,517,46
518,"orantes veniam, et templum clamore petebant.",519,1,518,44
519,"Postquam introgressi et coram data copia fandi,",520,1,519,47
520,maxumus Ilioneus placido sic pectore coepit:,521,1,520,44
521,"O Regina, novam cui condere Iuppiter urbem",522,1,521,42
522,"iustitiaque dedit gentis frenare superbas,",523,1,522,42
523,"Troes te miseri, ventis maria omnia vecti,",524,1,523,42
524,"oramus, prohibe infandos a navibus ignis,",525,1,524,41
525,"parce pio generi, et propius res aspice nostras.",526,1,525,48
526,Non nos aut ferro Libycos populare Penatis,527,1,526,42
527,"venimus, aut raptas ad litora vertere praedas;",528,1,527,46
528,"non ea vis animo, nec tanta superbia victis.",529,1,528,44
529,"Est locus, Hesperiam Grai cognomine dicunt,",530,1,529,43
530,"terra antiqua, potens armis atque ubere glaebae;",531,1,530,48
531,Oenotri coluere viri; nunc fama minores,532,1,531,39
532,Italiam dixisse ducis de nomine gentem.,533,1,532,39
533,Hic cursus fuit:,534,1,533,16
534,cum subito adsurgens fluctu nimbosus Orion,535,1,534,42
535,"in vada caeca tulit, penitusque procacibus austris",536,1,535,50
536,"perque undas, superante salo, perque invia saxa",537,1,536,47
537,dispulit; huc pauci vestris adnavimus oris.,538,1,537,43
538,Quod genus hoc hominum?  Quaeve hunc tam barbara morem,539,1,538,54
539,permittit patria? Hospitio prohibemur harenae;,540,1,539,46
540,"bella cient, primaque vetant consistere terra.",541,1,540,46
541,Si genus humanum et mortalia temnitis arma,542,1,541,42
542,at sperate deos memores fandi atque nefandi.,543,1,542,44
543,"Rex erat Aeneas nobis, quo iustior alter,",544,1,543,41
544,"nec pietate fuit, nec bello maior et armis.",545,1,544,43
545,"Quem si fata virum servant, si vescitur aura",546,1,545,44
546,"aetheria, neque adhuc crudelibus occubat umbris,",547,1,546,48
547,non metus; officio nec te certasse priorem,548,1,547,42
548,paeniteat. Sunt et Siculis regionibus urbes,549,1,548,43
549,"arvaque, Troianoque a sanguine clarus Acestes.",550,1,549,46
550,"Quassatam ventis liceat subducere classem,",551,1,550,42
551,et silvis aptare trabes et stringere remos:,552,1,551,43
552,"si datur Italiam, sociis et rege recepto,",553,1,552,41
553,"tendere, ut Italiam laeti Latiumque petamus;",554,1,553,44
554,"sin absumpta salus, et te, pater optume Teucrum,",555,1,554,48
555,"pontus habet Lybiae, nec spes iam restat Iuli,",556,1,555,46
556,"at freta Sicaniae saltem sedesque paratas,",557,1,556,42
557,"unde huc advecti, regemque petamus Acesten.",558,1,557,43
558,Talibus Ilioneus; cuncti simul ore fremebant,559,1,558,44
559,Dardanidae.,560,1,559,11
560,"Tum breviter Dido, voltum demissa, profatur:",561,1,560,44
561,"Solvite corde metum, Teucri, secludite curas.",562,1,561,45
562,Res dura et regni novitas me talia cogunt,563,1,562,41
563,"moliri, et late finis custode tueri.",564,1,563,36
564,"Quis genus Aeneadum, quis Troiae nesciat urbem,",565,1,564,47
565,"virtutesque virosque, aut tanti incendia belli?",566,1,565,47
566,"Non obtusa adeo gestamus pectora Poeni,",567,1,566,39
567,nec tam aversus equos Tyria Sol iungit ab urbe.,568,1,567,47
568,"Seu vos Hesperiam magnam Saturniaque arva,",569,1,568,42
569,"sive Erycis finis regemque optatis Acesten,",570,1,569,43
570,"auxilio tutos dimittam, opibusque iuvabo.",571,1,570,41
571,Voltis et his mecum pariter considere regnis;,572,1,571,45
572,"urbem quam statuo vestra est, subducite navis;",573,1,572,46
573,Tros Tyriusque mihi nullo discrimine agetur.,574,1,573,44
574,Atque utinam rex ipse Noto compulsus eodem,575,1,574,42
575,adforet Aeneas! Equidem per litora certos,576,1,575,41
576,"dimittam et Libyae lustrare extrema iubebo,",577,1,576,43
577,si quibus eiectus silvis aut urbibus errat.,578,1,577,43
578,His animum arrecti dictis et fortis Achates,579,1,578,43
579,et pater Aeneas iamdudum erumpere nubem,580,1,579,39
580,ardebant. Prior Aenean compellat Achates:,581,1,580,41
581,"Nate dea, quae nunc animo sententia surgit?",582,1,581,43
582,"omnia tuta vides, classem sociosque receptos.",583,1,582,45
583,"Unus abest, medio in fluctu quem vidimus ipsi",584,1,583,45
584,submersum; dictis respondent cetera matris.,585,1,584,43
585,"Vix ea fatus erat, cum circumfusa repente",586,1,585,41
586,scindit se nubes et in aethera purgat apertum.,587,1,586,46
587,"Restitit Aeneas claraque in luce refulsit,",588,1,587,42
588,os umerosque deo similis; namque ipsa decoram,589,1,588,45
589,caesariem nato genetrix lumenque iuventae,590,1,589,41
590,purpureum et laetos oculis adflarat honores:,591,1,590,44
591,"quale manus addunt ebori decus, aut ubi flavo",592,1,591,45
592,argentum Pariusve lapis circumdatur auro.,593,1,592,41
593,"Tum sic reginam adloquitur, cunctisque repente",594,1,593,46
594,"improvisus ait: Coram, quem quaeritis, adsum,",595,1,594,45
595,"Troius Aeneas, Lybicis ereptus ab undis.",596,1,595,40
596,"O sola infandos Troiae miserata labores,",597,1,596,40
597,"quae nos, reliquias Danaum, terraeque marisque",598,1,597,46
598,"omnibus exhaustos iam casibus, omnium egenos,",599,1,598,45
599,"urbe, domo, socias, grates persolvere dignas",600,1,599,44
600,"non opis est nostrae, Dido, nec quicquid ubique est",601,1,600,51
601,"gentis Dardaniae, magnum quae sparsa per orbem.",602,1,601,47
602,"Di tibi, si qua pios respectant numina, si quid",603,1,602,47
603,"usquam iustitia est et mens sibi conscia recti,",604,1,603,47
604,praemia digna ferant. Quae te tam laeta tulerunt,605,1,604,48
605,saecula? Qui tanti talem genuere parentes?,606,1,605,42
606,"In freta dum fluvii current, dum montibus umbrae",607,1,606,48
607,"lustrabunt convexa, polus dum sidera pascet,",608,1,607,44
608,"semper honos nomenque tuum laudesque manebunt,",609,1,608,46
609,"quae me cumque vocant terrae. Sic fatus, amicum",610,1,609,47
610,"Ilionea petit dextra, laevaque Serestum,",611,1,610,40
611,"post alios, fortemque Gyan fortemque Cloanthum.",612,1,611,47
612,"Obstipuit primo aspectu Sidonia Dido,",613,1,612,37
613,"casu deinde viri tanto, et sic ore locuta est:",614,1,613,46
614,"Quis te, nate dea, per tanta pericula casus",615,1,614,43
615,insequitur? Quae vis immanibus applicat oris?,616,1,615,45
616,"Tune ille Aeneas, quem Dardanio Anchisae",617,1,616,40
617,alma Venus Phrygii genuit Simoentis ad undam?,618,1,617,45
618,Atque equidem Teucrum memini Sidona venire,619,1,618,42
619,"finibus expulsum patriis, nova regna petentem",620,1,619,45
620,auxilio Beli; genitor tum Belus opimam,621,1,620,38
621,"vastabat Cyprum, et victor dicione tenebat.",622,1,621,43
622,Tempore iam ex illo casus mihi cognitus urbis,623,1,622,45
623,Troianae nomenque tuum regesque Pelasgi.,624,1,623,40
624,"Ipse hostis Teucros insigni laude ferebat,",625,1,624,42
625,seque ortum antiqua Teucrorum ab stirpe volebat.,626,1,625,48
626,"Quare agite, O tectis, iuvenes, succedite nostris.",627,1,626,50
627,Me quoque per multos similis fortuna labores,628,1,627,44
628,iactatam hac demum voluit consistere terra.,629,1,628,43
629,"Non ignara mali, miseris succurrere disco.",630,1,629,42
630,Sic memorat; simul Aenean in regia ducit,631,1,630,40
631,"tecta, simul divom templis indicit honorem.",632,1,631,43
632,Nec minus interea sociis ad litora mittit,633,1,632,41
633,"viginti tauros, magnorum horrentia centum",634,1,633,41
634,"terga suum, pinguis centum cum matribus agnos,",635,1,634,46
635,munera laetitiamque dii.,636,1,635,24
636,At domus interior regali splendida luxu,637,1,636,39
637,"instruitur, mediisque parant convivia tectis:",638,1,637,45
638,"arte laboratae vestes ostroque superbo,",639,1,638,39
639,"ingens argentum mensis, caelataque in auro",640,1,639,42
640,"fortia facta patrum, series longissima rerum",641,1,640,44
641,per tot ducta viros antiqua ab origine gentis.,642,1,641,46
642,Aeneas (neque enim patrius consistere mentem,643,1,642,44
643,"passus amor) rapidum ad navis praemittit Achaten,",644,1,643,49
644,"Ascanio ferat haec, ipsumque ad moenia ducat;",645,1,644,45
645,omnis in Ascanio cari stat cura parentis.,646,1,645,41
646,"Munera praeterea, Iliacis erepta ruinis,",647,1,646,40
647,"ferre iubet, pallam signis auroque rigentem,",648,1,647,44
648,"et circumtextum croceo velamen acantho,",649,1,648,39
649,"ornatus Argivae Helenae, quos illa Mycenis,",650,1,649,43
650,"Pergama cum peteret inconcessosque hymenaeos,",651,1,650,45
651,"extulerat, matris Ledae mirabile donum:",652,1,651,39
652,"praeterea sceptrum, Ilione quod gesserat olim,",653,1,652,46
653,"maxima natarum Priami, colloque monile",654,1,653,38
654,"bacatum, et duplicem gemmis auroque coronam.",655,1,654,44
655,Haec celerans ita ad naves tendebat Achates.,656,1,655,44
656,"At Cytherea novas artes, nova pectore versat",657,1,656,44
657,"Consilia, ut faciem mutatus et ora Cupido",658,1,657,41
658,"pro dulci Ascanio veniat, donisque furentem",659,1,658,43
659,"incendat reginam, atque ossibus implicet ignem;",660,1,659,47
660,quippe domum timet ambiguam Tyriosque bilinguis;,661,1,660,48
661,"urit atrox Iuno, et sub noctem cura recursat.",662,1,661,45
662,Ergo his aligerum dictis adfatur Amorem:,663,1,662,40
663,"Nate, meae vires, mea magna potentia solus,",664,1,663,43
664,"nate, patris summi qui tela Typhoia temnis,",665,1,664,43
665,ad te confugio et supplex tua numina posco.,666,1,665,43
666,Frater ut Aeneas pelago tuus omnia circum,667,1,666,41
667,"litora iactetur odiis Iunonis iniquae,",668,1,667,38
668,"nota tibi, et nostro doluisti saepe dolore.",669,1,668,43
669,Hunc Phoenissa tenet Dido blandisque moratur,670,1,669,44
670,"vocibus; et vereor, quo se Iunonia vertant",671,1,670,42
671,hospitia; haud tanto cessabit cardine rerum.,672,1,671,44
672,Quocirca capere ante dolis et cingere flamma,673,1,672,44
673,"reginam meditor, ne quo se numine mutet,",674,1,673,40
674,sed magno Aeneae mecum teneatur amore.,675,1,674,38
675,"Qua facere id possis, nostram nunc accipe mentem.",676,1,675,49
676,Regius accitu cari genitoris ad urbem,677,1,676,37
677,"Sidoniam puer ire parat, mea maxima cura,",678,1,677,41
678,"dona ferens, pelago et flammis restantia Troiae:",679,1,678,48
679,hunc ego sopitum somno super alta Cythera,680,1,679,41
680,"aut super Idalium sacrata sede recondam,",681,1,680,40
681,ne qua scire dolos mediusve occurrere possit.,682,1,681,45
682,Tu faciem illius noctem non amplius unam,683,1,682,40
683,"falle dolo, et notos pueri puer indue voltus,",684,1,683,45
684,"ut, cum te gremio accipiet laetissima Dido",685,1,684,42
685,"regalis inter mensas laticemque Lyaeum,",686,1,685,39
686,"cum dabit amplexus atque oscula dulcia figet,",687,1,686,45
687,occultum inspires ignem fallasque veneno.,688,1,687,41
688,"Paret Amor dictis carae genetricis, et alas",689,1,688,43
689,"exuit, et gressu gaudens incedit Iuli.",690,1,689,38
690,At Venus Ascanio placidam per membra quietem,691,1,690,44
691,"inrigat, et fotum gremio dea tollit in altos",692,1,691,44
692,"Idaliae lucos, ubi mollis amaracus illum",693,1,692,40
693,floribus et dulci adspirans complectitur umbra.,694,1,693,47
694,Iamque ibat dicto parens et dona Cupido,695,1,694,39
695,"regia portabat Tyriis, duce laetus Achate.",696,1,695,42
696,"Cum venit, aulaeis iam se regina superbis",697,1,696,41
697,aurea composuit sponda mediamque locavit.,698,1,697,41
698,Iam pater Aeneas et iam Troiana iuventus,699,1,698,40
699,"conveniunt, stratoque super discumbitur ostro.",700,1,699,46
700,"Dant famuli manibus lymphas, Cereremque canistris",701,1,700,49
701,"expediunt, tonsisque ferunt mantelia villis.",702,1,701,44
702,"Quinquaginta intus famulae, quibus ordine longam",703,1,702,48
703,"cura penum struere, et flammis adolere Penatis;",704,1,703,47
704,"centum aliae totidemque pares aetate ministri,",705,1,704,46
705,qui dapibus mensas onerent et pocula ponant.,706,1,705,44
706,Nec non et Tyrii per limina laeta frequentes,707,1,706,44
707,"convenere, toris iussi discumbere pictis.",708,1,707,41
708,"Mirantur dona Aeneae, mirantur Iulum",709,1,708,36
709,"flagrantisque dei voltus simulataque verba,",710,1,709,43
710,pallamque et pictum croceo velamen acantho.,711,1,710,43
711,"Praecipue infelix, pesti devota futurae,",712,1,711,40
712,expleri mentem nequit ardescitque tuendo,713,1,712,40
713,"Phoenissa, et pariter puero donisque movetur.",714,1,713,45
714,Ille ubi complexu Aeneae colloque pependit,715,1,714,42
715,"et magnum falsi implevit genitoris amorem,",716,1,715,42
716,"reginam petit haec oculis, haec pectore toto",717,1,716,44
717,"haeret et interdum gremio fovet, inscia Dido,",718,1,717,45
718,insidat quantus miserae deus; at memor ille,719,1,718,43
719,matris Acidaliae paulatim abolere Sychaeum,720,1,719,42
720,"incipit, et vivo temptat praevertere amore",721,1,720,42
721,iam pridem resides animos desuetaque corda.,722,1,721,43
722,"Postquam prima quies epulis, mensaeque remotae,",723,1,722,47
723,crateras magnos statuunt et vina coronant.,724,1,723,42
724,"Fit strepitus tectis, vocemque per ampla volutant",725,1,724,49
725,atria; dependent lychni laquearibus aureis,726,1,725,42
726,"incensi, et noctem flammis funalia vincunt.",727,1,726,43
727,Hic regina gravem gemmis auroque poposcit,728,1,727,41
728,"implevitque mero pateram, quam Belus et omnes",729,1,728,45
729,a Belo soliti; tum facta silentia tectis:,730,1,729,41
730,"Iuppiter, hospitibus nam te dare iura loquuntur,",731,1,730,48
731,hunc laetum Tyriisque diem Troiaque profectis,732,1,731,45
732,"esse velis, nostrosque huius meminisse minores.",733,1,732,47
733,"Adsit laetitiae Bacchus dator, et bona Iuno;",734,1,733,44
734,"et vos, O, coetum, Tyrii, celebrate faventes.",735,1,734,45
735,"Dixit, et in mensam laticum libavit honorem,",736,1,735,44
736,"primaque, libato, summo tenus attigit ore,",737,1,736,42
737,tum Bitiae dedit increpitans; ille impiger hausit,738,1,737,49
738,"spumantem pateram, et pleno se proluit auro",739,1,738,43
739,post alii proceres. Cithara crinitus Iopas,740,1,739,42
740,"personat aurata, docuit quem maximus Atlas.",741,1,740,43
741,Hic canit errantem lunam solisque labores;,742,1,741,42
742,unde hominum genus et pecudes; unde imber et ignes;,743,1,742,51
743,Arcturum pluviasque Hyadas geminosque Triones;,744,1,743,46
744,quid tantum Oceano properent se tinguere soles,745,1,744,46
745,"hiberni, vel quae tardis mora noctibus obstet.",746,1,745,46
746,"Ingeminant plausu Tyrii, Troesque sequuntur.",747,1,746,44
747,Nec non et vario noctem sermone trahebat,748,1,747,40
748,"infelix Dido, longumque bibebat amorem,",749,1,748,39
749,"multa super Priamo rogitans, super Hectore multa;",750,1,749,49
750,"nunc quibus Aurorae venisset filius armis,",751,1,750,42
751,"nunc quales Diomedis equi, nunc quantus Achilles.",752,1,751,49
752,"Immo age, et a prima dic, hospes, origine nobis",753,1,752,47
753,"insidias, inquit, Danaum, casusque tuorum,",754,1,753,42
754,erroresque tuos; nam te iam septima portat,755,1,754,42
755,omnibus errantem terris et fluctibus aestas.,756,1,755,44
756,"Conticuere omnes, intentique ora tenebant.",1,2,756,42
757,Inde toro pater Aeneas sic orsus ab alto:,2,2,757,41
758,"Infandum, regina, iubes renovare dolorem,",3,2,758,41
759,Troianas ut opes et lamentabile regnum,4,2,759,38
760,"eruerint Danai; quaeque ipse miserrima vidi,",5,2,760,44
761,et quorum pars magna fui.  Quis talia fando,6,2,761,43
762,Myrmidonum Dolopumve aut duri miles Ulixi,7,2,762,41
763,temperet a lacrimis?  Et iam nox umida caelo,8,2,763,44
764,"praecipitat, suadentque cadentia sidera somnos.",9,2,764,47
765,Sed si tantus amor casus cognoscere nostros,10,2,765,43
766,"et breviter Troiae supremum audire laborem,",11,2,766,43
767,"quamquam animus meminisse horret, luctuque refugit,",12,2,767,51
768,incipiam.Fracti bello fatisque repulsi,13,2,768,38
769,"ductores Danaum, tot iam labentibus annis,",14,2,769,42
770,instar montis equum divina Palladis arte,15,2,770,40
771,"aedificant, sectaque intexunt abiete costas:",16,2,771,44
772,votum pro reditu simulant; ea fama vagatur.,17,2,772,43
773,Huc delecta virum sortiti corpora furtim,18,2,773,40
774,"includunt caeco lateri, penitusque cavernas",19,2,774,43
775,ingentis uterumque armato milite complent.,20,2,775,42
776,"Est in conspectu Tenedos, notissima fama",21,2,776,40
777,"insula, dives opum, Priami dum regna manebant,",22,2,777,46
778,nunc tantum sinus et statio male fida carinis:,23,2,778,46
779,huc se provecti deserto in litore condunt.,24,2,779,42
780,Nos abiisse rati et vento petiisse Mycenas:,25,2,780,43
781,ergo omnis longo solvit se Teucria luctu;,26,2,781,41
782,panduntur portae; iuvat ire et Dorica castra,27,2,782,44
783,desertosque videre locos litusque relictum.,28,2,783,43
784,"Hic Dolopum manus, hic saevus tendebat Achilles;",29,2,784,48
785,classibus hic locus; hic acie certare solebant.,30,2,785,47
786,"Pars stupet innuptae donum exitiale Minervae,",31,2,786,45
787,et molem mirantur equi; primusque Thymoetes,32,2,787,43
788,"duci intra muros hortatur et arce locari,",33,2,788,41
789,"sive dolo, seu iam Troiae sic fata ferebant.",34,2,789,44
790,"At Capys, et quorum melior sententia menti,",35,2,790,43
791,aut pelago Danaum insidias suspectaque dona,36,2,791,43
792,"praecipitare iubent, subiectisque urere flammis,",37,2,792,48
793,aut terebrare cavas uteri et temptare latebras.,38,2,793,47
794,Scinditur incertum studia in contraria volgus.,39,2,794,46
795,"Primus ibi ante omnis, magna comitante caterva,",40,2,795,47
796,"Laocoön ardens summa decurrit ab arce,",41,2,796,38
797,"et procul: O miseri, quae tanta insania, cives?",42,2,797,47
798,Creditis avectos hostis?  Aut ulla putatis,43,2,798,42
799,dona carere dolis Danaum?  Sic notus Ulixes?,44,2,799,44
800,"aut hoc inclusi ligno occultantur Achivi,",45,2,800,41
801,aut haec in nostros fabricata est machina muros,46,2,801,47
802,"inspectura domos venturaque desuper urbi,",47,2,802,41
803,"aut aliquis latet error; equo ne credite, Teucri.",48,2,803,49
804,"Quicquid id est, timeo Danaos et dona ferentis.",49,2,804,47
805,"Sic fatus, validis ingentem viribus hastam",50,2,805,42
806,in latus inque feri curvam compagibus alvum,51,2,806,43
807,"contorsit: stetit illa tremens, uteroque recusso",52,2,807,48
808,insonuere cavae gemitumque dedere cavernae.,53,2,808,43
809,"Et, si fata deum, si mens non laeva fuisset,",54,2,809,44
810,"impulerat ferro Argolicas foedare latebras,",55,2,810,43
811,"Troiaque, nunc stares, Priamique arx alta, maneres.",56,2,811,51
812,"Ecce, manus iuvenem interea post terga revinctum",57,2,812,48
813,pastores magno ad regem clamore trahebant,58,2,813,41
814,"Dardanidae, qui se ignotum venientibus ultro,",59,2,814,45
815,"hoc ipsum ut strueret Troiamque aperiret Achivis,",60,2,815,49
816,"obtulerat, fidens animi atque in utrumque paratus,",61,2,816,50
817,"seu versare dolos, seu certae occumbere morti.",62,2,817,46
818,Undique visendi studio Troiana iuventus,63,2,818,39
819,"circumfusa ruit, certantque inludere capto.",64,2,819,43
820,"Accipe nunc Danaum insidias, et crimine ab uno",65,2,820,46
821,disce omnes.,66,2,821,12
822,"Namque ut conspectu in medio turbatus, inermis",67,2,822,46
823,constitit atque oculis Phrygia agmina circumspexit:,68,2,823,51
824,"Heu, quae nunc tellus inquit quae me aequora possunt",69,2,824,52
825,"accipere?  Aut quid iam misero mihi denique restat,",70,2,825,51
826,"cui neque apud Danaos usquam locus, et super ipsi",71,2,826,49
827,Dardanidae infensi poenas cum sanguine poscunt?,72,2,827,47
828,"Quo gemitu conversi animi, compressus et omnis",73,2,828,46
829,"impetus.  Hortamur fari; quo sanguine cretus,",74,2,829,45
830,"quidve ferat, memoret, quae sit fiducia capto.",75,2,830,46
831,"Ille haec, deposita tandem formidine, fatur:",76,2,831,44
832,"Cuncta equidem tibi, Rex, fuerit quodcumque, fatebor",77,2,832,52
833,"vera, inquit; neque me Argolica de gente negabo:",78,2,833,48
834,"hoc primum; nec, si miserum Fortuna Sinonem",79,2,834,43
835,"finxit, vanum etiam mendacemque improba finget.",80,2,835,47
836,Fando aliquod si forte tuas pervenit ad auris,81,2,836,45
837,Belidae nomen Palamedis et incluta fama,82,2,837,39
838,"gloria, quem falsa sub proditione Pelasgi",83,2,838,41
839,"insontem infando indicio, quia bella vetabat,",84,2,839,45
840,"demisere neci, nunc cassum lumine lugent.",85,2,840,41
841,Illi me comitem et consanguinitate propinquum,86,2,841,45
842,"pauper in arma pater primis huc misit ab annis,",87,2,842,47
843,dum stabat regno incolumis regumque vigebat,88,2,843,43
844,"consiliis, et nos aliquod nomenque decusque",89,2,844,43
845,gessimus.  Invidia postquam pellacis Ulixi—,90,2,845,43
846,"haud ignota loquor—superis concessit ab oris,",91,2,846,45
847,"adflictus vitam in tenebris luctuque trahebam,",92,2,847,46
848,et casum insontis mecum indignabar amici.,93,2,848,41
849,"Nec tacui demens, et me, fors si qua tulisset,",94,2,849,46
850,"si patrios umquam remeassem victor ad Argos,",95,2,850,44
851,"promisi ultorem, et verbis odia aspera movi.",96,2,851,44
852,"Hinc mihi prima mali labes, hinc semper Ulixes",97,2,852,46
853,"criminibus terrere novis, hinc spargere voces",98,2,853,45
854,"in volgum ambiguas, et quaerere conscius arma.",99,2,854,46
855,"Nec requievit enim, donec, Calchante ministro—",100,2,855,46
856,sed quid ego haec autem nequiquam ingrata revolvo?,101,2,856,50
857,"Quidve moror, si omnis uno ordine habetis Achivos,",102,2,857,50
858,"idque audire sat est?  Iamdudum sumite poenas,",103,2,858,46
859,"hoc Ithacus velit, et magno mercentur Atridae.",104,2,859,46
860,"Tum vero ardemus scitari et quaerere causas,",105,2,860,44
861,ignari scelerum tantorum artisque Pelasgae.,106,2,861,43
862,"Prosequitur pavitans, et ficto pectore fatur:",107,2,862,45
863,Saepe fugam Danai Troia cupiere relicta,108,2,863,39
864,"moliri, et longo fessi discedere bello;",109,2,864,39
865,fecissentque utinam!  Saepe illos aspera ponti,110,2,865,46
866,"interclusit hiemps, et terruit Auster euntis.",111,2,866,45
867,"Praecipue, cum iam hic trabibus contextus acernis",112,2,867,49
868,"staret equus, toto sonuerunt aethere nimbi.",113,2,868,43
869,Suspensi Eurypylum scitantem oracula Phoebi,114,2,869,43
870,"mittimus, isque adytis haec tristia dicta reportat:",115,2,870,51
871,"Sanguine placastis ventos et virgine caesa,",116,2,871,43
872,"cum primum Iliacas, Danai, venistis ad oras;",117,2,872,44
873,"sanguine quaerendi reditus, animaque litandum",118,2,873,45
874,"Argolica. Volgi quae vox ut venit ad auris,",119,2,874,43
875,"obstipuere animi, gelidusque per ima cucurrit",120,2,875,45
876,"ossa tremor, cui fata parent, quem poscat Apollo.",121,2,876,49
877,Hic Ithacus vatem magno Calchanta tumultu,122,2,877,41
878,"protrahit in medios; quae sint ea numina divom,",123,2,878,47
879,flagitat; et mihi iam multi crudele canebant,124,2,879,44
880,"artificis scelus, et taciti ventura videbant.",125,2,880,45
881,"Bis quinos silet ille dies, tectusque recusat",126,2,881,45
882,prodere voce sua quemquam aut opponere morti.,127,2,882,45
883,"Vix tandem, magnis Ithaci clamoribus actus,",128,2,883,43
884,"composito rumpit vocem, et me destinat arae.",129,2,884,44
885,"Adsensere omnes, et, quae sibi quisque timebat,",130,2,885,47
886,unius in miseri exitium conversa tulere.,131,2,886,40
887,"Iamque dies infanda aderat; mihi sacra parari,",132,2,887,46
888,"et salsae fruges, et circum tempora vittae:",133,2,888,43
889,"eripui, fateor, leto me, et vincula rupi,",134,2,889,41
890,limosoque lacu per noctem obscurus in ulva,135,2,890,42
891,"delitui, dum vela darent, si forte dedissent.",136,2,891,45
892,"Nec mihi iam patriam antiquam spes ulla videndi,",137,2,892,48
893,nec dulcis natos exoptatumque parentem;,138,2,893,39
894,quos illi fors et poenas ob nostra reposcent,139,2,894,44
895,"effugia, et culpam hanc miserorum morte piabunt.",140,2,895,48
896,"Quod te per superos et conscia numina veri,",141,2,896,43
897,per si qua est quae restet adhuc mortalibus usquam,142,2,897,50
898,"intemerata fides, oro, miserere laborum",143,2,898,39
899,"tantorum, miserere animi non digna ferentis.",144,2,899,44
900,"His lacrimis vitam damus, et miserescimus ultro.",145,2,900,48
901,Ipse viro primus manicas atque arta levari,146,2,901,42
902,"vincla iubet Priamus, dictisque ita fatur amicis:",147,2,902,49
903,"Quisquis es, amissos hinc iam obliviscere Graios;",148,2,903,49
904,"noster eris, mihique haec edissere vera roganti:",149,2,904,48
905,Quo molem hanc immanis equi statuere?  Quis auctor?,150,2,905,51
906,"Quidve petunt?  Quae religio, aut quae machina belli?",151,2,906,53
907,"Dixerat.  Ille, dolis instructus et arte Pelasga,",152,2,907,49
908,sustulit exutas vinclis ad sidera palmas:,153,2,908,41
909,"Vos, aeterni ignes, et non violabile vestrum",154,2,909,44
910,"testor numen ait vos arae ensesque nefandi,",155,2,910,43
911,"quos fugi, vittaeque deum, quas hostia gessi:",156,2,911,45
912,"fas mihi Graiorum sacrata resolvere iura,",157,2,912,41
913,"fas odisse viros, atque omnia ferre sub auras,",158,2,913,46
914,si qua tegunt; teneor patriae nec legibus ullis.,159,2,914,48
915,"Tu modo promissis maneas, servataque serves",160,2,915,43
916,"Troia fidem, si vera feram, si magna rependam.",161,2,916,46
917,Omnis spes Danaum et coepti fiducia belli,162,2,917,41
918,Palladis auxiliis semper stetit.  Impius ex quo,163,2,918,47
919,"Tydides sed enim scelerumque inventor Ulixes,",164,2,919,45
920,fatale adgressi sacrato avellere templo,165,2,920,39
921,"Palladium, caesis summae custodibus arcis,",166,2,921,42
922,"corripuere sacram effigiem, manibusque cruentis",167,2,922,47
923,virgineas ausi divae contingere vittas;,168,2,923,39
924,ex illo fluere ac retro sublapsa referri,169,2,924,40
925,"spes Danaum, fractae vires, aversa deae mens.",170,2,925,45
926,Nec dubiis ea signa dedit Tritonia monstris.,171,2,926,44
927,"Vix positum castris simulacrum, arsere coruscae",172,2,927,47
928,"luminibus flammae arrectis, salsusque per artus",173,2,928,47
929,"sudor iit, terque ipsa solo—mirabile dictu—",174,2,929,43
930,"emicuit, parmamque ferens hastamque trementem.",175,2,930,46
931,"Extemplo temptanda fuga canit aequora Calchas,",176,2,931,46
932,"nec posse Argolicis exscindi Pergama telis,",177,2,932,43
933,"omina ni repetant Argis, numenque reducant,",178,2,933,43
934,quod pelago et curvis secum avexere carinis.,179,2,934,44
935,"Et nunc, quod patrias vento petiere Mycenas,",180,2,935,44
936,"arma deosque parant comites, pelagoque remenso",181,2,936,46
937,improvisi aderunt: ita digerit omina Calchas.,182,2,937,45
938,"Hanc pro Palladio moniti, pro numine laeso",183,2,938,42
939,"effigiem statuere, nefas quae triste piaret.",184,2,939,44
940,Hanc tamen immensam Calchas attollere molem,185,2,940,43
941,"roboribus textis caeloque educere iussit,",186,2,941,41
942,"ne recipi portis, aut duci in moenia possit,",187,2,942,44
943,neu populum antiqua sub religione tueri.,188,2,943,40
944,"Nam si vestra manus violasset dona Minervae,",189,2,944,44
945,tum magnum exitium (quod di prius omen in ipsum,190,2,945,47
946,convertant!) Priami imperio Phrygibusque futurum;,191,2,946,49
947,"sin manibus vestris vestram ascendisset in urbem,",192,2,947,49
948,ultro Asiam magno Pelopea ad moenia bello,193,2,948,41
949,"venturam, et nostros ea fata manere nepotes.",194,2,949,44
950,Talibus insidiis periurique arte Sinonis,195,2,950,40
951,"credita res, captique dolis lacrimisque coactis,",196,2,951,48
952,"quos neque Tydides, nec Larisaeus Achilles,",197,2,952,43
953,"non anni domuere decem, non mille carinae.",198,2,953,42
954,Hic aliud maius miseris multoque tremendum,199,2,954,42
955,"obicitur magis, atque improvida pectora turbat.",200,2,955,47
956,"Laocoön, ductus Neptuno sorte sacerdos,",201,2,956,39
957,sollemnis taurum ingentem mactabat ad aras.,202,2,957,43
958,Ecce autem gemini a Tenedo tranquilla per alta—,203,2,958,47
959,horresco referens—immensis orbibus angues,204,2,959,41
960,"incumbunt pelago, pariterque ad litora tendunt;",205,2,960,47
961,pectora quorum inter fluctus arrecta iubaeque,206,2,961,45
962,sanguineae superant undas; pars cetera pontum,207,2,962,45
963,"pone legit, sinuatque immensa volumine terga.",208,2,963,45
964,"Fit sonitus spumante salo; iamque arva tenebant,",209,2,964,48
965,"ardentisque oculos suffecti sanguine et igni,",210,2,965,45
966,sibila lambebant linguis vibrantibus ora.,211,2,966,41
967,Diffugimus visu exsangues: illi agmine certo,212,2,967,44
968,Laocoönta petunt; et primum parva duorum,213,2,968,40
969,corpora natorum serpens amplexus uterque,214,2,969,40
970,"implicat, et miseros morsu depascitur artus;",215,2,970,44
971,post ipsum auxilio subeuntem ac tela ferentem,216,2,971,45
972,"corripiunt, spirisque ligant ingentibus; et iam",217,2,972,47
973,"bis medium amplexi, bis collo squamea circum",218,2,973,44
974,"terga dati, superant capite et cervicibus altis.",219,2,974,48
975,"Ille simul manibus tendit divellere nodos,",220,2,975,42
976,"perfusus sanie vittas atroque veneno,",221,2,976,37
977,clamores simul horrendos ad sidera tollit:,222,2,977,42
978,"quales mugitus, fugit cum saucius aram",223,2,978,38
979,"taurus, et incertam excussit cervice securim.",224,2,979,45
980,At gemini lapsu delubra ad summa dracones,225,2,980,41
981,"effugiunt saevaeque petunt Tritonidis arcem,",226,2,981,44
982,sub pedibusque deae clipeique sub orbe teguntur.,227,2,982,48
983,Tum vero tremefacta novus per pectora cunctis,228,2,983,45
984,"insinuat pavor, et scelus expendisse merentem",229,2,984,45
985,"Laocoönta ferunt, sacrum qui cuspide robur",230,2,985,42
986,"laeserit, et tergo sceleratam intorserit hastam.",231,2,986,48
987,Ducendum ad sedes simulacrum orandaque divae,232,2,987,44
988,numina conclamant.,233,2,988,18
989,Dividimus muros et moenia pandimus urbis.,234,2,989,41
990,"Accingunt omnes operi, pedibusque rotarum",235,2,990,41
991,"subiciunt lapsus, et stuppea vincula collo",236,2,991,42
992,"intendunt: scandit fatalis machina muros,",237,2,992,41
993,feta armis.  Pueri circum innuptaeque puellae,238,2,993,45
994,"sacra canunt, funemque manu contingere gaudent.",239,2,994,47
995,"Illa subit, mediaeque minans inlabitur urbi.",240,2,995,44
996,"O patria, O divom domus Ilium, et incluta bello",241,2,996,47
997,"moenia Dardanidum, quater ipso in limine portae",242,2,997,47
998,"substitit, atque utero sonitum quater arma dedere:",243,2,998,50
999,"instamus tamen inmemores caecique furore,",244,2,999,41
1000,et monstrum infelix sacrata sistimus arce.,245,2,1000,42
1001,Tunc etiam fatis aperit Cassandra futuris,246,2,1001,41
1002,"ora, dei iussu non umquam credita Teucris.",247,2,1002,42
1003,"Nos delubra deum miseri, quibus ultimus esset",248,2,1003,45
1004,"ille dies, festa velamus fronde per urbem.",249,2,1004,42
1005,"Aeneas narrates through line 715 in Book 3. A quotation mark appears here; this quote is never closed in print and has been omitted.Vertitur interea caelum et ruit oceano nox,",250,2,1005,175
1006,involvens umbra magna terramque polumque,251,2,1006,40
1007,Myrmidonumque dolos; fusi per moenia Teucri,252,2,1007,43
1008,"conticuere, sopor fessos complectitur artus:",253,2,1008,44
1009,et iam Argiva phalanx instructis navibus ibat,254,2,1009,45
1010,a Tenedo tacitae per amica silentia lunae,255,2,1010,41
1011,"litora nota petens, flammas cum regia puppis",256,2,1011,44
1012,"extulerat, fatisque deum defensus iniquis",257,2,1012,41
1013,inclusos utero Danaos et pinea furtim,258,2,1013,37
1014,laxat claustra Sinon.  Illos patefactus ad auras,259,2,1014,48
1015,"reddit equus, laetique cavo se robore promunt",260,2,1015,45
1016,"Thessandrus Sthenelusque duces, et dirus Ulixes,",261,2,1016,48
1017,"demissum lapsi per funem, Acamasque, Thoasque,",262,2,1017,46
1018,"Pelidesque Neoptolemus, primusque Machaon,",263,2,1018,42
1019,"et Menelaus, et ipse doli fabricator Epeos.",264,2,1019,43
1020,Invadunt urbem somno vinoque sepultam;,265,2,1020,38
1021,"caeduntur vigiles, portisque patentibus omnis",266,2,1021,45
1022,accipiunt socios atque agmina conscia iungunt.,267,2,1022,46
1023,"Tempus erat, quo prima quies mortalibus aegris",268,2,1023,46
1024,"incipit, et dono divom gratissima serpit.",269,2,1024,41
1025,"In somnis, ecce, ante oculos maestissimus Hector",270,2,1025,48
1026,"visus adesse mihi, largosque effundere fletus,",271,2,1026,46
1027,"raptatus bigis, ut quondam, aterque cruento",272,2,1027,43
1028,"pulvere, perque pedes traiectus lora tumentis.",273,2,1028,46
1029,"Ei mihi, qualis erat, quantum mutatus ab illo",274,2,1029,45
1030,"Hectore, qui redit exuvias indutus Achilli,",275,2,1030,43
1031,"vel Danaum Phrygios iaculatus puppibus ignis,",276,2,1031,45
1032,squalentem barbam et concretos sanguine crinis,277,2,1032,46
1033,"volneraque illa gerens, quae circum plurima muros",278,2,1033,49
1034,accepit patrios.  Ultro flens ipse videbar,279,2,1034,42
1035,Compellare virum et maestas expromere voces:,280,2,1035,44
1036,"O lux Dardaniae, spes O fidissima Teucrum,",281,2,1036,42
1037,quae tantae tenuere morae?  Quibus Hector ab oris,282,2,1037,49
1038,exspectate venis?  Ut te post multa tuorum,283,2,1038,42
1039,"funera, post varios hominumque urbisque labores",284,2,1039,47
1040,defessi aspicimus!  Quae causa indigna serenos,285,2,1040,46
1041,foedavit voltus?  Aut cur haec volnera cerno?,286,2,1041,45
1042,"Ille nihil, nec me quaerentem vana moratur,",287,2,1042,43
1043,"sed graviter gemitus imo de pectore ducens,",288,2,1043,43
1044,"Heu fuge, nate dea, teque his, ait, eripe flammis.",289,2,1044,50
1045,Hostis habet muros; ruit alto a culmine Troia.,290,2,1045,46
1046,Sat patriae Priamoque datum: si Pergama dextra,291,2,1046,46
1047,"defendi possent, etiam hac defensa fuissent.",292,2,1047,44
1048,Sacra suosque tibi commendat Troia penatis:,293,2,1048,43
1049,"hos cape fatorum comites, his moenia quaere",294,2,1049,43
1050,"magna, pererrato statues quae denique ponto.",295,2,1050,44
1051,"Sic ait, et manibus vittas Vestamque potentem",296,2,1051,45
1052,aeternumque adytis effert penetralibus ignem.,297,2,1052,45
1053,"Diverso interea miscentur moenia luctu,",298,2,1053,39
1054,"et magis atque magis, quamquam secreta parentis",299,2,1054,47
1055,"Anchisae domus arboribusque obtecta recessit,",300,2,1055,45
1056,"clarescunt sonitus, armorumque ingruit horror.",301,2,1056,46
1057,"Excutior somno, et summi fastigia tecti",302,2,1057,39
1058,"ascensu supero, atque arrectis auribus adsto:",303,2,1058,45
1059,in segetem veluti cum flamma furentibus austris,304,2,1059,47
1060,"incidit, aut rapidus montano flumine torrens",305,2,1060,44
1061,"sternit agros, sternit sata laeta boumque labores,",306,2,1061,50
1062,"praecipitisque trahit silvas, stupet inscius alto",307,2,1062,49
1063,accipiens sonitum saxi de vertice pastor.,308,2,1063,41
1064,"Tum vero manifesta fides, Danaumque patescunt",309,2,1064,45
1065,insidiae.  Iam Deiphobi dedit ampla ruinam,310,2,1065,42
1066,Volcano superante domus; iam proxumus ardet,311,2,1066,43
1067,Ucalegon; Sigea igni freta lata relucent.,312,2,1067,41
1068,Exoritur clamorque virum clangorque tubarum.,313,2,1068,44
1069,"Arma amens capio; nec sat rationis in armis,",314,2,1069,44
1070,sed glomerare manum bello et concurrere in arcem,315,2,1070,48
1071,cum sociis ardent animi; furor iraque mentem,316,2,1071,44
1072,"praecipitant, pulchrumque mori succurrit in armis.",317,2,1072,50
1073,"Ecce autem telis Panthus elapsus Achivom,",318,2,1073,41
1074,"Panthus Othryades, arcis Phoebique sacerdos,",319,2,1074,44
1075,sacra manu victosque deos parvumque nepotem,320,2,1075,43
1076,"ipse trahit, cursuque amens ad limina tendit.",321,2,1076,45
1077,"Quo res summa, loco, Panthu?  Quam prendimus arcem?",322,2,1077,51
1078,"Vix ea fatus eram, gemitu cum talia reddit:",323,2,1078,43
1079,Venit summa dies et ineluctabile tempus,324,2,1079,39
1080,"Dardaniae: fuimus Troes, fuit Ilium et ingens",325,2,1080,45
1081,gloria Teucrorum; ferus omnia Iuppiter Argos,326,2,1081,44
1082,transtulit; incensa Danai dominantur in urbe.,327,2,1082,45
1083,Arduus armatos mediis in moenibus adstans,328,2,1083,41
1084,"fundit equus, victorque Sinon incendia miscet",329,2,1084,45
1085,"insultans; portis alii bipatentibus adsunt,",330,2,1085,43
1086,milia quot magnis umquam venere Mycenis;,331,2,1086,40
1087,obsedere alii telis angusta viarum,332,2,1087,34
1088,oppositi; stat ferri acies mucrone corusco,333,2,1088,42
1089,"stricta, parata neci; vix primi proelia temptant",334,2,1089,48
1090,"portarum vigiles, et caeco Marte resistunt.",335,2,1090,43
1091,Talibus Othryadae dictis et numine divom,336,2,1091,40
1092,"in flammas et in arma feror, quo tristis Erinys,",337,2,1092,48
1093,quo fremitus vocat et sublatus ad aethera clamor.,338,2,1093,49
1094,Addunt se socios Rhipeus et maximus armis,339,2,1094,41
1095,"Epytus oblati per lunam Hypanisque Dymasque,",340,2,1095,44
1096,"et lateri adglomerant nostro, iuvenisque Coroebus,",341,2,1096,50
1097,Mygdonides: illis ad Troiam forte diebus,342,2,1097,40
1098,"venerat, insano Cassandrae incensus amore,",343,2,1098,42
1099,"et gener auxilium Priamo Phrygibusque ferebat,",344,2,1099,46
1100,"infelix, qui non sponsae praecepta furentis",345,2,1100,43
1101,audierit.,346,2,1101,9
1102,"Quos ubi confertos audere in proelia vidi,",347,2,1102,42
1103,"incipio super his: Iuvenes, fortissima frustra",348,2,1103,46
1104,"pectora, si vobis audentem extrema cupido",349,2,1104,41
1105,"certa sequi, quae sit rebus fortuna videtis:",350,2,1105,44
1106,"excessere omnes, adytis arisque relictis,",351,2,1106,41
1107,"di, quibus imperium hoc steterat; succurritis urbi",352,2,1107,50
1108,incensae; moriamur et in media arma ruamus.,353,2,1108,43
1109,"Una salus victis, nullam sperare salutem.",354,2,1109,41
1110,"Sic animis iuvenum furor additus: inde, lupi ceu",355,2,1110,48
1111,"raptores atra in nebula, quos improba ventris",356,2,1111,45
1112,"exegit caecos rabies, catulique relicti",357,2,1112,39
1113,"faucibus exspectant siccis, per tela, per hostis",358,2,1113,48
1114,"vadimus haud dubiam in mortem, mediaeque tenemus",359,2,1114,48
1115,urbis iter; nox atra cava circumvolat umbra.,360,2,1115,44
1116,"Quis cladem illius noctis, quis funera fando",361,2,1116,44
1117,"explicet, aut possit lacrimis aequare labores?",362,2,1117,46
1118,"Urbs antiqua ruit, multos dominata per annos;",363,2,1118,45
1119,plurima perque vias sternuntur inertia passim,364,2,1119,45
1120,"corpora, perque domos et religiosa deorum",365,2,1120,41
1121,limina.  Nec soli poenas dant sanguine Teucri;,366,2,1121,46
1122,quondam etiam victis redit in praecordia virtus,367,2,1122,47
1123,victoresque cadunt Danai: crudelis ubique,368,2,1123,41
1124,"luctus, ubique pavor, et plurima mortis imago.",369,2,1124,46
1125,"Primus se, Danaum magna comitante caterva,",370,2,1125,42
1126,"Androgeos offert nobis, socia agmina credens",371,2,1126,44
1127,"inscius, atque ultro verbis compellat amicis:",372,2,1127,45
1128,"Festinate, viri: nam quae tam sera moratur",373,2,1128,42
1129,segnities?  Alii rapiunt incensa feruntque,374,2,1129,42
1130,Pergama; vos celsis nunc primum a navibus itis.,375,2,1130,47
1131,"Dixit, et extemplo, neque enim responsa dabantur",376,2,1131,48
1132,"fida satis, sensit medios delapsus in hostis.",377,2,1132,45
1133,"Obstipuit, retroque pedem cum voce repressit:",378,2,1133,45
1134,inprovisum aspris veluti qui sentibus anguem,379,2,1134,44
1135,"pressit humi nitens, trepidusque repente refugit",380,2,1135,48
1136,attollentem iras et caerula colla tumentem;,381,2,1136,43
1137,haud secus Androgeos visu tremefactus abibat.,382,2,1137,45
1138,"Inruimus, densis et circumfundimur armis,",383,2,1138,41
1139,ignarosque loci passim et formidine captos,384,2,1139,42
1140,sternimus: adspirat primo fortuna labori.,385,2,1140,41
1141,"Atque hic successu exsultans animisque Coroebus,",386,2,1141,48
1142,"O socii, qua prima inquit fortuna salutis",387,2,1142,41
1143,"monstrat iter, quoque ostendit se dextra, sequamur",388,2,1143,50
1144,"mutemus clipeos, Danaumque insignia nobis",389,2,1144,41
1145,"aptemus: dolus an virtus, quis in hoste requirat?",390,2,1145,49
1146,"Arma dabunt ipsi. Sic fatus, deinde comantem",391,2,1146,44
1147,Androgei galeam clipeique insigne decorum,392,2,1147,41
1148,"induitur, laterique Argivum accommodat ensem.",393,2,1148,45
1149,"Hoc Rhipeus, hoc ipse Dymas omnisque iuventus",394,2,1149,45
1150,laeta facit; spoliis se quisque recentibus armat.,395,2,1150,49
1151,"Vadimus immixti Danais haud numine nostro,",396,2,1151,42
1152,multaque per caecam congressi proelia noctem,397,2,1152,44
1153,"conserimus, multos Danaum demittimus Orco.",398,2,1153,42
1154,"Diffugiunt alii ad navis, et litora cursu",399,2,1154,41
1155,fida petunt: pars ingentem formidine turpi,400,2,1155,42
1156,scandunt rursus equum et nota conduntur in alvo.,401,2,1156,48
1157,Heu nihil invitis fas quemquam fidere divis!,402,2,1157,44
1158,Ecce trahebatur passis Priameïa virgo,403,2,1158,37
1159,"crinibus a templo Cassandra adytisque Minervae,",404,2,1159,47
1160,"ad caelum tendens ardentia lumina frustra,—",405,2,1160,43
1161,"lumina, nam teneras arcebant vincula palmas.",406,2,1161,44
1162,"Non tulit hanc speciem furiata mente Coroebus,",407,2,1162,46
1163,et sese medium iniecit periturus in agmen.,408,2,1163,42
1164,Consequimur cuncti et densis incurrimus armis.,409,2,1164,46
1165,Hic primum ex alto delubri culmine telis,410,2,1165,40
1166,"nostrorum obruimur, oriturque miserrima caedes",411,2,1166,46
1167,armorum facie et Graiarum errore iubarum.,412,2,1167,41
1168,Tum Danai gemitu atque ereptae virginis ira,413,2,1168,43
1169,"undique collecti invadunt, acerrimus Aiax,",414,2,1169,42
1170,"et gemini Atridae, Dolopumque exercitus omnis;",415,2,1170,46
1171,adversi rupto ceu quondam turbine venti,416,2,1171,39
1172,"confligunt, Zephyrusque Notusque et laetus Eois",417,2,1172,47
1173,"Eurus equis; stridunt silvae, saevitque tridenti",418,2,1173,48
1174,spumeus atque imo Nereus ciet aequora fundo.,419,2,1174,44
1175,"Illi etiam, si quos obscura nocte per umbram",420,2,1175,44
1176,"fudimus insidiis totaque agitavimus urbe,",421,2,1176,41
1177,apparent; primi clipeos mentitaque tela,422,2,1177,39
1178,"adgnoscunt, atque ora sono discordia signant.",423,2,1178,45
1179,Ilicet obruimur numero; primusque Coroebus,424,2,1179,42
1180,Penelei dextra divae armipotentis ad aram,425,2,1180,41
1181,"procumbit; cadit et Rhipeus, iustissimus unus",426,2,1181,45
1182,qui fuit in Teucris et servantissimus aequi:,427,2,1182,44
1183,dis aliter visum; pereunt Hypanisque Dymasque,428,2,1183,45
1184,"confixi a sociis; nec te tua plurima, Panthu,",429,2,1184,45
1185,labentem pietas nec Apollinis infula texit.,430,2,1185,43
1186,"Iliaci cineres et flamma extrema meorum,",431,2,1186,40
1187,"testor, in occasu vestro nec tela nec ullas",432,2,1187,43
1188,"vitavisse vices Danaum, et, si fata fuissent",433,2,1188,44
1189,"ut caderem, meruisse manu.  Divellimur inde,",434,2,1189,44
1190,"Iphitus et Pelias mecum, quorum Iphitus aevo",435,2,1190,44
1191,"iam gravior, Pelias et volnere tardus Ulixi;",436,2,1191,44
1192,protinus ad sedes Priami clamore vocati.,437,2,1192,40
1193,"Hic vero ingentem pugnam, ceu cetera nusquam",438,2,1193,44
1194,"bella forent, nulli tota morerentur in urbe.",439,2,1194,44
1195,"Sic Martem indomitum, Danaosque ad tecta ruentis",440,2,1195,48
1196,"cernimus, obsessumque acta testudine limen.",441,2,1196,43
1197,"Haerent parietibus scalae, postisque sub ipsos",442,2,1197,46
1198,"nituntur gradibus, clipeosque ad tela sinistris",443,2,1198,47
1199,"protecti obiciunt, prensant fastigia dextris.",444,2,1199,45
1200,Dardanidae contra turris ac tota domorum,445,2,1200,40
1201,"culmina convellunt; his se, quando ultima cernunt,",446,2,1201,50
1202,extrema iam in morte parant defendere telis;,447,2,1202,44
1203,"auratasque trabes, veterum decora alta parentum,",448,2,1203,48
1204,devolvunt; alii strictis mucronibus imas,449,2,1204,40
1205,obsedere fores; has servant agmine denso.,450,2,1205,41
1206,"Instaurati animi, regis succurrere tectis,",451,2,1206,42
1207,"auxilioque levare viros, vimque addere victis.",452,2,1207,46
1208,Limen erat caecaeque fores et pervius usus,453,2,1208,42
1209,"tectorum inter se Priami, postesque relicti",454,2,1209,43
1210,"a tergo, infelix qua se, dum regna manebant,",455,2,1210,44
1211,saepius Andromache ferre incomitata solebat,456,2,1211,43
1212,"ad soceros, et avo puerum Astyanacta trahebat.",457,2,1212,46
1213,"Evado ad summi fastigia culminis, unde",458,2,1213,38
1214,tela manu miseri iactabant inrita Teucri.,459,2,1214,41
1215,Turrim in praecipiti stantem summisque sub astra,460,2,1215,48
1216,"eductam tectis, unde omnis Troia videri",461,2,1216,39
1217,"et Danaum solitae naves et Achaia castra,",462,2,1217,41
1218,"adgressi ferro circum, qua summa labantis",463,2,1218,41
1219,"iuncturas tabulata dabant, convellimus altis",464,2,1219,44
1220,"sedibus, impulimusque; ea lapsa repente ruinam",465,2,1220,46
1221,cum sonitu trahit et Danaum super agmina late,466,2,1221,45
1222,"incidit: ast alii subeunt, nec saxa, nec ullum",467,2,1222,46
1223,telorum interea cessat genus.,468,2,1223,29
1224,Vestibulum ante ipsum primoque in limine Pyrrhus,469,2,1224,48
1225,"exsultat, telis et luce coruscus aëna;",470,2,1225,38
1226,qualis ubi in lucem coluber mala gramina pastus,471,2,1226,47
1227,"frigida sub terra tumidum quem bruma tegebat,",472,2,1227,45
1228,"nunc, positis novus exuviis nitidusque iuventa,",473,2,1228,47
1229,lubrica convolvit sublato pectore terga,474,2,1229,39
1230,"arduus ad solem, et linguis micat ore trisulcis.",475,2,1230,48
1231,"Una ingens Periphas et equorum agitator Achillis,",476,2,1231,49
1232,"armiger Automedon, una omnis Scyria pubes",477,2,1232,41
1233,"succedunt tecto, et flammas ad culmina iactant.",478,2,1233,47
1234,Ipse inter primos correpta dura bipenni,479,2,1234,39
1235,"limina perrumpit, postisque a cardine vellit",480,2,1235,44
1236,aeratos; iamque excisa trabe firma cavavit,481,2,1236,42
1237,"robora, et ingentem lato dedit ore fenestram.",482,2,1237,45
1238,"Adparet domus intus, et atria longa patescunt;",483,2,1238,46
1239,"adparent Priami et veterum penetralia regum,",484,2,1239,44
1240,armatosque vident stantis in limine primo.,485,2,1240,42
1241,At domus interior gemitu miseroque tumultu,486,2,1241,42
1242,"miscetur, penitusque cavae plangoribus aedes",487,2,1242,44
1243,femineis ululant; ferit aurea sidera clamor.,488,2,1243,44
1244,Tum pavidae tectis matres ingentibus errant;,489,2,1244,44
1245,amplexaeque tenent postis atque oscula figunt.,490,2,1245,46
1246,"Instat vi patria Pyrrhus; nec claustra, neque ipsi",491,2,1246,50
1247,custodes sufferre valent; labat ariete crebro,492,2,1247,45
1248,"ianua, et emoti procumbunt cardine postes.",493,2,1248,42
1249,"Fit via vi; rumpunt aditus, primosque trucidant",494,2,1249,47
1250,"immissi Danai, et late loca milite complent.",495,2,1250,44
1251,"Non sic, aggeribus ruptis cum spumeus amnis",496,2,1251,43
1252,"exiit, oppositasque evicit gurgite moles,",497,2,1252,41
1253,"fertur in arva furens cumulo, camposque per omnis",498,2,1253,49
1254,cum stabulis armenta trahit.  Vidi ipse furentem,499,2,1254,48
1255,caede Neoptolemum geminosque in limine Atridas;,500,2,1255,47
1256,"vidi Hecubam centumque nurus, Priamumque per aras",501,2,1256,49
1257,"sanguine foedantem, quos ipse sacraverat, ignis.",502,2,1257,48
1258,"Quinquaginta illi thalami, spes tanta nepotum,",503,2,1258,46
1259,"barbarico postes auro spoliisque superbi,",504,2,1259,41
1260,"procubuere; tenent Danai, qua deficit ignis.",505,2,1260,44
1261,Forsitan et Priami fuerint quae fata requiras.,506,2,1261,46
1262,Urbis uti captae casum convolsaque vidit,507,2,1262,40
1263,"limina tectorum et medium in penetralibus hostem,",508,2,1263,49
1264,arma diu senior desueta trementibus aevo,509,2,1264,40
1265,"circumdat nequiquam umeris, et inutile ferrum",510,2,1265,45
1266,"cingitur, ac densos fertur moriturus in hostis.",511,2,1266,47
1267,Aedibus in mediis nudoque sub aetheris axe,512,2,1267,42
1268,"ingens ara fuit iuxtaque veterrima laurus,",513,2,1268,42
1269,incumbens arae atque umbra complexa Penatis.,514,2,1269,44
1270,"Hic Hecuba et natae nequiquam altaria circum,",515,2,1270,45
1271,"praecipites atra ceu tempestate columbae,",516,2,1271,41
1272,condensae et divom amplexae simulacra sedebant.,517,2,1272,47
1273,Ipsum autem sumptis Priamum iuvenalibus armis,518,2,1273,45
1274,"ut vidit, Quae mens tam dira, miserrime coniunx,",519,2,1274,48
1275,impulit his cingi telis?  Aut quo ruis? inquit;,520,2,1275,47
1276,Non tali auxilio nec defensoribus istis,521,2,1276,39
1277,"tempus eget, non, si ipse meus nunc adforet Hector.",522,2,1277,51
1278,"Huc tandem concede; haec ara tuebitur omnis,",523,2,1278,44
1279,aut moriere simul. Sic ore effata recepit,524,2,1279,41
1280,ad sese et sacra longaevum in sede locavit.,525,2,1280,43
1281,"Ecce autem elapsus Pyrrhi de caede Polites,",526,2,1281,43
1282,"unus natorum Priami, per tela, per hostis",527,2,1282,41
1283,"porticibus longis fugit, et vacua atria lustrat",528,2,1283,47
1284,saucius: illum ardens infesto volnere Pyrrhus,529,2,1284,45
1285,"insequitur, iam iamque manu tenet et premit hasta.",530,2,1285,50
1286,"Ut tandem ante oculos evasit et ora parentum,",531,2,1286,45
1287,"concidit, ac multo vitam cum sanguine fudit.",532,2,1287,44
1288,"Hic Priamus, quamquam in media iam morte tenetur,",533,2,1288,49
1289,"non tamen abstinuit, nec voci iraeque pepercit:",534,2,1289,47
1290,"At tibi pro scelere, exclamat, pro talibus ausis,",535,2,1290,49
1291,"di, si qua est caelo pietas, quae talia curet,",536,2,1291,46
1292,persolvant grates dignas et praemia reddant,537,2,1292,43
1293,"debita, qui nati coram me cernere letum",538,2,1293,39
1294,fecisti et patrios foedasti funere voltus.,539,2,1294,42
1295,"At non ille, satum quo te mentiris, Achilles",540,2,1295,44
1296,talis in hoste fuit Priamo; sed iura fidemque,541,2,1296,45
1297,"supplicis erubuit, corpusque exsangue sepulchro",542,2,1297,47
1298,"reddidit Hectoreum, meque in mea regna remisit.",543,2,1298,47
1299,"Sic fatus senior, telumque imbelle sine ictu",544,2,1299,44
1300,"coniecit, rauco quod protinus aere repulsum",545,2,1300,43
1301,e summo clipei nequiquam umbone pependit.,546,2,1301,41
1302,Cui Pyrrhus: Referes ergo haec et nuntius ibis,547,2,1302,46
1303,Pelidae genitori; illi mea tristia facta,548,2,1303,40
1304,degeneremque Neoptolemum narrare memento.,549,2,1304,41
1305,Nunc morere. Hoc dicens altaria ad ipsa trementem,550,2,1305,49
1306,"traxit et in multo lapsantem sanguine nati,",551,2,1306,43
1307,"implicuitque comam laeva, dextraque coruscum",552,2,1307,44
1308,"extulit, ac lateri capulo tenus abdidit ensem.",553,2,1308,46
1309,Haec finis Priami fatorum; hic exitus illum,554,2,1309,43
1310,"sorte tulit, Troiam incensam et prolapsa videntem",555,2,1310,49
1311,"Pergama, tot quondam populis terrisque superbum",556,2,1311,47
1312,"regnatorem Asiae.  Iacet ingens litore truncus,",557,2,1312,47
1313,"avolsumque umeris caput, et sine nomine corpus.",558,2,1313,47
1314,At me tum primum saevus circumstetit horror,559,2,1314,43
1315,"Obstipui; subiit cari genitoris imago,",560,2,1315,38
1316,ut regem aequaevum crudeli volnere vidi,561,2,1316,39
1317,"vitam exhalantem; subiit deserta Creüsa,",562,2,1317,40
1318,"et direpta domus, et parvi casus Iuli.",563,2,1318,38
1319,"Respicio, et quae sit me circum copia lustro.",564,2,1319,45
1320,"Deseruere omnes defessi, et corpora saltu",565,2,1320,41
1321,ad terram misere aut ignibus aegra dedere.,566,2,1321,42
1322,"Iamque adeo super unus eram, cum limina Vestae",567,2,1322,46
1323,servantem et tacitam secreta in sede latentem,568,2,1323,45
1324,Tyndarida aspicio: dant clara incendia lucem,569,2,1324,44
1325,erranti passimque oculos per cuncta ferenti.,570,2,1325,44
1326,Illa sibi infestos eversa ob Pergama Teucros,571,2,1326,44
1327,et poenas Danaum et deserti coniugis iras,572,2,1327,41
1328,"praemetuens, Troiae et patriae communis Erinys,",573,2,1328,47
1329,abdiderat sese atque aris invisa sedebat.,574,2,1329,41
1330,Exarsere ignes animo; subit ira cadentem,575,2,1330,40
1331,ulcisci patriam et sceleratas sumere poenas.,576,2,1331,44
1332,Scilicet haec Spartam incolumis patriasque Mycenas,577,2,1332,50
1333,"aspiciet, partoque ibit regina triumpho,",578,2,1333,40
1334,"coniugiumque, domumque, patres, natosque videbit,",579,2,1334,49
1335,Iliadum turba et Phrygiis comitata ministris?,580,2,1335,45
1336,"Occiderit ferro Priamus, Troia arserit igni?",581,2,1336,44
1337,Dardanium totiens sudarit sanguine litus?,582,2,1337,41
1338,Non ita: namque etsi nullum memorabile nomen,583,2,1338,44
1339,"feminea in poena est, nec habet victoria laudem,",584,2,1339,48
1340,extinxisse nefas tamen et sumpsisse merentis,585,2,1340,44
1341,"laudabor poenas, animumque explesse iuvabit",586,2,1341,43
1342,"ultricis flammae, et cineres satiasse meorum.",587,2,1342,45
1343,"Talia iactabam, et furiata mente ferebar:",588,2,1343,41
1344,"cum mihi se, non ante oculis tam clara, videndam",589,2,1344,48
1345,obtulit et pura per noctem in luce refulsit,590,2,1345,43
1346,"alma parens, confessa deam, qualisque videri",591,2,1346,44
1347,"caelicolis et quanta solet, dextraque prehensum",592,2,1347,47
1348,"continuit, roseoque haec insuper addidit ore:",593,2,1348,45
1349,"Nate, quis indomitas tantus dolor excitat iras?",594,2,1349,47
1350,"Quid furis, aut quonam nostri tibi cura recessit?",595,2,1350,49
1351,"Non prius aspicies, ubi fessum aetate parentem",596,2,1351,46
1352,"liqueris Anchisen; superet coniunxne Creüsa,",597,2,1352,44
1353,Ascaniusque puer?  Quos omnes undique Graiae,598,2,1353,44
1354,"circum errant acies, et, ni mea cura resistat,",599,2,1354,46
1355,iam flammae tulerint inimicus et hauserit ensis.,600,2,1355,48
1356,Non tibi Tyndaridis facies invisa Lacaenae,601,2,1356,42
1357,"culpatusve Paris: divom inclementia, divom,",602,2,1357,43
1358,has evertit opes sternitque a culmine Troiam.,603,2,1358,45
1359,"Aspice—namque omnem, quae nunc obducta tuenti",604,2,1359,45
1360,mortalis hebetat visus tibi et umida circum,605,2,1360,43
1361,"caligat, nubem eripiam; tu ne qua parentis",606,2,1361,42
1362,"iussa time, neu praeceptis parere recusa:—",607,2,1362,42
1363,"hic, ubi disiectas moles avolsaque saxis",608,2,1363,40
1364,saxa vides mixtoque undantem pulvere fumum.,609,2,1364,43
1365,Neptunus muros magnoque emota tridenti,610,2,1365,38
1366,"fundamenta quatit, totamque a sedibus urbem",611,2,1366,43
1367,eruit; hic Iuno Scaeas saevissima portas,612,2,1367,40
1368,"prima tenet, sociumque furens a navibus agmen",613,2,1368,45
1369,ferro accincta vocat.,614,2,1369,21
1370,"Iam summas arces Tritonia, respice, Pallas",615,2,1370,42
1371,"insedit, nimbo effulgens et Gorgone saeva.",616,2,1371,42
1372,Ipse pater Danais animos viresque secundas,617,2,1372,42
1373,"sufficit, ipse deos in Dardana suscitat arma.",618,2,1373,45
1374,"Eripe, nate, fugam, finemque impone labori.",619,2,1374,43
1375,"Nusquam abero, et tutum patrio te limine sistam.",620,2,1375,48
1376,"Dixerat, et spissis noctis se condidit umbris.",621,2,1376,46
1377,Adparent dirae facies inimicaque Troiae,622,2,1377,39
1378,numina magna deum.,623,2,1378,18
1379,Tum vero omne mihi visum considere in ignis,624,2,1379,43
1380,Ilium et ex imo verti Neptunia Troia;,625,2,1380,37
1381,ac veluti summis antiquam in montibus ornum,626,2,1381,43
1382,cum ferro accisam crebrisque bipennibus instant,627,2,1382,47
1383,"eruere agricolae certatim,—illa usque minatur",628,2,1383,45
1384,"et tremefacta comam concusso vertice nutat,",629,2,1384,43
1385,"volneribus donec paulatim evicta, supremum",630,2,1385,42
1386,"congemuit, traxitque iugis avolsa ruinam.",631,2,1386,41
1387,"Descendo, ac ducente deo flammam inter et hostis",632,2,1387,48
1388,"expedior; dant tela locum, flammaeque recedunt.",633,2,1388,47
1389,Atque ubi iam patriae perventum ad limina sedis,634,2,1389,47
1390,"antiquasque domos, genitor, quem tollere in altos",635,2,1390,49
1391,"optabam primum montis primumque petebam,",636,2,1391,40
1392,abnegat excisa vitam producere Troia,637,2,1392,36
1393,"exsiliumque pati.  Vos O, quibus integer aevi",638,2,1393,45
1394,"sanguis, ait solidaeque suo stant robore vires,",639,2,1394,47
1395,vos agitate fugam:,640,2,1395,18
1396,"me si caelicolae voluissent ducere vitam,",641,2,1396,41
1397,has mihi servassent sedes.  Satis una superque,642,2,1397,46
1398,vidimus exscidia et captae superavimus urbi.,643,2,1398,44
1399,"Sic O, sic positum adfati discedite corpus.",644,2,1399,43
1400,Ipse manu mortem inveniam; miserebitur hostis,645,2,1400,45
1401,exuviasque petet; facilis iactura sepulcri.,646,2,1401,43
1402,Iam pridem invisus divis et inutilis annos,647,2,1402,42
1403,"demoror, ex quo me divom pater atque hominum rex",648,2,1403,48
1404,fulminis adflavit ventis et contigit igni.,649,2,1404,42
1405,"Talia perstabat memorans, fixusque manebat.",650,2,1405,43
1406,"Nos contra effusi lacrimis, coniunxque Creüsa",651,2,1406,45
1407,"Ascaniusque omnisque domus, ne vertere secum",652,2,1407,44
1408,cuncta pater fatoque urguenti incumbere vellet.,653,2,1408,47
1409,"Abnegat, inceptoque et sedibus haeret in isdem.",654,2,1409,47
1410,"Rursus in arma feror, mortemque miserrimus opto:",655,2,1410,48
1411,nam quod consilium aut quae iam fortuna dabatur?,656,2,1411,48
1412,"Mene efferre pedem, genitor, te posse relicto",657,2,1412,45
1413,"sperasti, tantumque nefas patrio excidit ore?",658,2,1413,45
1414,"Si nihil ex tanta Superis placet urbe relinqui,",659,2,1414,47
1415,"et sedet hoc animo, perituraeque addere Troiae",660,2,1415,46
1416,"teque tuosque iuvat, patet isti ianua leto,",661,2,1416,43
1417,"iamque aderit multo Priami de sanguine Pyrrhus,",662,2,1417,47
1418,"natum ante ora patris, patrem qui obtruncat ad aras.",663,2,1418,52
1419,"Hoc erat, alma parens, quod me per tela, per ignis",664,2,1419,50
1420,"eripis, ut mediis hostem in penetralibus, utque",665,2,1420,47
1421,Ascanium patremque meum iuxtaque Creüsam,666,2,1421,40
1422,alterum in alterius mactatos sanguine cernam?,667,2,1422,45
1423,"Arma, viri, ferte arma; vocat lux ultima victos.",668,2,1423,48
1424,Reddite me Danais; sinite instaurata revisam,669,2,1424,44
1425,proelia: Numquam omnes hodie moriemur inulti.,670,2,1425,45
1426,Hinc ferro accingor rursus clipeoque sinistram,671,2,1426,46
1427,"insertabam aptans, meque extra tecta ferebam.",672,2,1427,45
1428,Ecce autem complexa pedes in limine coniunx,673,2,1428,43
1429,"haerebat, parvumque patri tendebat Iulum:",674,2,1429,41
1430,"Si periturus abis, et nos rape in omnia tecum;",675,2,1430,46
1431,"sin aliquam expertus sumptis spem ponis in armis,",676,2,1431,49
1432,"hanc primum tutare domum.  Cui parvus Iulus,",677,2,1432,44
1433,cui pater et coniunx quondam tua dicta relinquor?,678,2,1433,49
1434,"Talia vociferans gemitu tectum omne replebat,",679,2,1434,45
1435,cum subitum dictuque oritur mirabile monstrum.,680,2,1435,46
1436,Namque manus inter maestorumque ora parentum,681,2,1436,44
1437,ecce levis summo de vertice visus Iuli,682,2,1437,38
1438,"fundere lumen apex, tactuque innoxia mollis",683,2,1438,43
1439,lambere flamma comas et circum tempora pasci.,684,2,1439,45
1440,"Nos pavidi trepidare metu, crinemque flagrantem",685,2,1440,47
1441,excutere et sanctos restinguere fontibus ignis.,686,2,1441,47
1442,At pater Anchises oculos ad sidera laetus,687,2,1442,41
1443,"extulit, et caelo palmas cum voce tetendit:",688,2,1443,43
1444,"Iuppiter omnipotens, precibus si flecteris ullis,",689,2,1444,49
1445,"aspice nos; hoc tantum, et, si pietate meremur,",690,2,1445,47
1446,"da deinde auxilium, pater, atque haec omina firma.",691,2,1446,50
1447,"Vix ea fatus erat senior, subitoque fragore",692,2,1447,43
1448,"intonuit laevum, et de caelo lapsa per umbras",693,2,1448,45
1449,stella facem ducens multa cum luce cucurrit.,694,2,1449,44
1450,"Illam, summa super labentem culmina tecti,",695,2,1450,42
1451,cernimus Idaea claram se condere silva,696,2,1451,38
1452,signantemque vias; tum longo limite sulcus,697,2,1452,42
1453,"dat lucem, et late circum loca sulphure fumant.",698,2,1453,47
1454,"Hic vero victus genitor se tollit ad auras,",699,2,1454,43
1455,adfaturque deos et sanctum sidus adorat.,700,2,1455,40
1456,Iam iam nulla mora est; sequor et qua ducitis adsum.,701,2,1456,52
1457,"Di patrii, servate domum, servate nepotem.",702,2,1457,42
1458,"Vestrum hoc augurium, vestroque in numine Troia est.",703,2,1458,52
1459,"Cedo equidem, nec, nate, tibi comes ire recuso.",704,2,1459,47
1460,Dixerat ille; et iam per moenia clarior ignis,705,2,1460,45
1461,"auditur, propiusque aestus incendia volvunt.",706,2,1461,44
1462,"Ergo age, care pater, cervici imponere nostrae;",707,2,1462,47
1463,"ipse subibo umeris, nec me labor iste gravabit:",708,2,1463,47
1464,"quo res cumque cadent, unum et commune periclum,",709,2,1464,48
1465,una salus ambobus erit.  Mihi parvus Iulus,710,2,1465,42
1466,"sit comes, et longe servet vestigia coniunx:",711,2,1466,44
1467,"vos, famuli, quae dicam, animis advertite vestris.",712,2,1467,50
1468,Est urbe egressis tumulus templumque vetustum,713,2,1468,45
1469,"desertae Cereris, iuxtaque antiqua cupressus",714,2,1469,44
1470,religione patrum multos servata per annos.,715,2,1470,42
1471,Hanc ex diverso sedem veniemus in unam.,716,2,1471,39
1472,"Tu, genitor, cape sacra manu patriosque Penatis;",717,2,1472,48
1473,"me, bello e tanto digressum et caede recenti,",718,2,1473,45
1474,"attrectare nefas, donec me flumine vivo",719,2,1474,39
1475,abluero.,720,2,1475,8
1476,"Haec fatus, latos umeros subiectaque colla",721,2,1476,42
1477,"veste super fulvique insternor pelle leonis,",722,2,1477,44
1478,succedoque oneri; dextrae se parvus Iulus,723,2,1478,41
1479,implicuit sequiturque patrem non passibus aequis;,724,2,1479,49
1480,pone subit coniunx: ferimur per opaca locorum;,725,2,1480,46
1481,"et me, quem dudum non ulla iniecta movebant",726,2,1481,43
1482,"tela neque adverso glomerati ex agmine Grai,",727,2,1482,44
1483,"nunc omnes terrent aurae, sonus excitat omnis",728,2,1483,45
1484,suspensum et pariter comitique onerique timentem.,729,2,1484,49
1485,"Iamque propinquabam portis, omnemque videbar",730,2,1485,44
1486,"evasisse viam, subito cum creber ad auris",731,2,1486,41
1487,"visus adesse pedum sonitus, genitorque per umbram",732,2,1487,49
1488,"prospiciens; Nate exclamat, fuge nate, propinquant.",733,2,1488,51
1489,Ardentis clipeos atque aera micantia cerno!—,734,2,1489,44
1490,Hic mihi nescio quod trepido male numen amicum,735,2,1490,46
1491,confusam eripuit mentem.  Namque avia cursu,736,2,1491,43
1492,"dum sequor, et nota excedo regione viarum,",737,2,1492,42
1493,"heu, misero coniunx fatone erepta Creüsa",738,2,1493,40
1494,"substitit, erravitne via, seu lassa resedit,",739,2,1494,44
1495,incertum; nec post oculis est reddita nostris.,740,2,1495,46
1496,"Nec prius amissam respexi animumque reflexi,",741,2,1496,44
1497,quam tumulum antiquae Cereris sedemque sacratam,742,2,1497,47
1498,venimus; hic demum collectis omnibus una,743,2,1498,40
1499,"defuit, et comites natumque virumque fefellit.",744,2,1499,46
1500,"Quem non incusavi amens hominumque deorumque,",745,2,1500,45
1501,aut quid in eversa vidi crudelius urbe?,746,2,1501,39
1502,Ascanium Anchisenque patrem Teucrosque Penatis,747,2,1502,46
1503,commendo sociis et curva valle recondo;,748,2,1503,39
1504,ipse urbem repeto et cingor fulgentibus armis.,749,2,1504,46
1505,"Stat casus renovare omnis, omnemque reverti",750,2,1505,43
1506,"per Troiam, et rursus caput obiectare periclis.",751,2,1506,47
1507,"Principio muros obscuraque limina portae,",752,2,1507,41
1508,"qua gressum extuleram, repeto, et vestigia retro",753,2,1508,48
1509,observata sequor per noctem et lumine lustro.,754,2,1509,45
1510,"Horror ubique animo, simul ipsa silentia terrent.",755,2,1510,49
1511,"Inde domum, si forte pedem, si forte tulisset,",756,2,1511,46
1512,"me refero: inruerant Danai, et tectum omne tenebant.",757,2,1512,52
1513,Ilicet ignis edax summa ad fastigia vento,758,2,1513,41
1514,"volvitur; exsuperant flammae, furit aestus ad auras.",759,2,1514,52
1515,Procedo et Priami sedes arcemque reviso.,760,2,1515,40
1516,Et iam porticibus vacuis Iunonis asylo,761,2,1516,38
1517,custodes lecti Phoenix et dirus Ulixes,762,2,1517,38
1518,praedam adservabant.  Huc undique Troia gaza,763,2,1518,44
1519,"incensis erepta adytis, mensaeque deorum,",764,2,1519,41
1520,"crateresque auro solidi, captivaque vestis",765,2,1520,42
1521,congeritur; pueri et pavidae longo ordine matres,766,2,1521,48
1522,stant circum.,767,2,1522,13
1523,Ausus quin etiam voces iactare per umbram,768,2,1523,41
1524,"implevi clamore vias, maestusque Creüsam",769,2,1524,40
1525,nequiquam ingeminans iterumque iterumque vocavi.,770,2,1525,48
1526,Quaerenti et tectis urbis sine fine furenti,771,2,1526,43
1527,infelix simulacrum atque ipsius umbra Creüsae,772,2,1527,45
1528,visa mihi ante oculos et nota maior imago.,773,2,1528,42
1529,"Obstipui, steteruntque comae et vox faucibus haesit.",774,2,1529,52
1530,Tum sic adfari et curas his demere dictis :,775,2,1530,43
1531,"Quid tantum insano iuvat indulgere dolori,",776,2,1531,42
1532,O dulcis coniunx?  Non haec sine numine divom,777,2,1532,45
1533,eveniunt; nec te hinc comitem asportare Creüsam,778,2,1533,47
1534,"fas, aut ille sinit superi regnator Olympi.",779,2,1534,43
1535,"Longa tibi exsilia, et vastum maris aequor arandum,",780,2,1535,51
1536,"et terram Hesperiam venies, ubi Lydius arva",781,2,1536,43
1537,inter opima virum leni fluit agmine Thybris:,782,2,1537,44
1538,illic res laetae regnumque et regia coniunx,783,2,1538,43
1539,parta tibi.  Lacrimas dilectae pelle Creüsae.,784,2,1539,45
1540,Non ego Myrmidonum sedes Dolopumve superbas,785,2,1540,43
1541,"aspiciam, aut Graiis servitum matribus ibo,",786,2,1541,43
1542,"Dardanis, et divae Veneris nurus.",787,2,1542,33
1543,Sed me magna deum genetrix his detinet oris:,788,2,1543,44
1544,"iamque vale, et nati serva communis amorem.",789,2,1544,43
1545,"Haec ubi dicta dedit, lacrimantem et multa volentem",790,2,1545,51
1546,"dicere deseruit, tenuisque recessit in auras.",791,2,1546,45
1547,Ter conatus ibi collo dare bracchia circum:,792,2,1547,43
1548,"ter frustra comprensa manus effugit imago,",793,2,1548,42
1549,par levibus ventis volucrique simillima somno.,794,2,1549,46
1550,Sic demum socios consumpta nocte reviso.,795,2,1550,40
1551,Atque hic ingentem comitum adfluxisse novorum,796,2,1551,45
1552,"invenio admirans numerum, matresque virosque,",797,2,1552,45
1553,"collectam exsilio pubem, miserabile volgus.",798,2,1553,43
1554,"Undique convenere, animis opibusque parati,",799,2,1554,43
1555,in quascumque velim pelago deducere terras.,800,2,1555,43
1556,Iamque iugis summae surgebat Lucifer Idae,801,2,1556,41
1557,"ducebatque diem, Danaique obsessa tenebant",802,2,1557,42
1558,"limina portarum, nec spes opis ulla dabatur;",803,2,1558,44
1559,"cessi, et sublato montes genitore petivi.",804,2,1559,41
